зародыш	4301	96	0.9977	0.3663	2.6035	1.0000	0.0000	3.011,2.763,2.852,2.616	0.4179	0.7884	0.3308	1.0004	0.6573	1.0012	1.1900	524.002970,881.986587,427.937714	855.012015,917.825134,727.965162
зародыш	4302	96	0.9350	0.3526	1.5626	1.0000	0.0000	2.983,2.821,3.004,2.741	0.4448	0.7748	-123839171.0507	0.9997	-2180607864558830848.0000	0.9989	0.8633	546.200075,1016.603592,409.502302	19550806436.105804,893.287694,735.415146
зародыш	4303	96	0.9832	0.3832	2.4243	1.0000	0.0000	2.851,3.059,2.898,2.644	0.4915	0.7048	0.4298	0.9999	1.1124	0.9996	0.5932	518.410837,878.863702,367.409810	664.945389,773.942891,520.349426
зародыш	4304	96	0.9924	0.3790	2.0412	1.0000	0.0000	3.015,2.895,2.648,2.687	0.5635	0.6805	0.5473	1.0012	0.8798	0.9998	0.9076	555.228375,809.266680,435.930976	790.296023,934.305459,671.196435
зародыш	4305	96	0.9961	0.3929	0.9117	0.7805	0.0000	2.959,2.833,2.987,2.729	0.3945	0.9811	0.7870	0.9999	0.7970	1.0010	1.5095	318.513293,594.718633,313.204033	634.375461,776.789239,595.833681
зародыш	4306	93	0.9970	0.3944	2.7520	0.6829	0.0000	2.923,2.932,2.716,2.989	0.3769	0.8779	0.0140	1.0006	1.4841	1.0005	1.6057	507.034650,856.860346,458.383416	593.095987,593.719960,549.011257
зародыш	4307	92	0.9977	0.3942	1.5106	1.0000	0.0000	2.961,2.880,2.829,2.438	0.4933	0.8906	0.8529	0.9985	1.3286	1.0010	0.8026	446.979956,871.186312,394.867702	589.617400,714.562037,568.063114
зародыш	4308	96	0.9962	0.3956	2.1871	1.0000	0.0000	2.988,2.748,2.892,2.839	0.4478	0.8324	0.7659	1.0021	0.7283	1.0008	1.9073	436.789897,651.113788,393.643297	865.811697,1023.738102,817.528284
зародыш	4309	96	0.9955	0.3936	1.8181	0.9756	0.0000	2.908,2.761,3.059,2.967	0.4678	0.5535	0.1302	0.9993	1.0471	1.0002	0.9638	591.940948,862.215668,373.876569	638.878180,665.539051,460.790669
зародыш	4310	96	0.9981	0.3950	2.5350	1.0000	0.0000	2.897,2.930,2.857,2.718	0.5266	0.9476	0.8507	1.0059	0.7161	1.0004	0.9503	322.397043,563.901343,309.038243	621.246705,853.505158,580.484374
зародыш	4311	96	0.9966	0.3938	2.4217	1.0000	0.0000	2.854,2.888,2.901,2.773	0.5232	0.9405	0.5750	1.0008	0.5759	0.9991	1.4169	361.429112,698.461148,340.096163	633.680574,791.642427,516.939367
зародыш	4312	96	0.9947	0.3938	2.8002	1.0000	0.0000	2.754,2.981,3.038,2.860	0.5204	0.8200	0.7743	1.0094	0.9982	1.0008	0.8024	436.247350,951.516599,323.129513	730.426934,816.908129,705.215058
нульА	4302	0.2027	96
нульА	4301	0.2222	96
нульА	4303	0.2189	92
нульА	4304	0.2268	92
нульА	4305	0.2171	96
нульА	4306	0.2216	96
нульА	4307	0.2290	96
нульА	4308	0.2044	96
нульА	4309	0.2215	96
нульА	4310	0.1836	92
нульА	4311	0.1942	96
нульА	4312	0.1951	96
