нульА	7201	0.2064	96
зародыш	7201	96	0.9975	0.3941	3.0814	1.0000	0.0000	2.804,2.867,2.789,2.770	0.5578	0.1509	-0.2998	1.0009	1.0096	0.9980	1.1638	653.292499,702.605634,375.775441	815.368390,779.840063,661.351207	0,8.422e+0	20.615454,1000.000000,248.644736,200.000000,19.696590,1000.000000,247.178140,200.000000	12.554666,600.000000,193.774673,120.000000,13.760554,600.000000,186.006853,120.000000	406.867860,1814.836226,386.828524,477.707844,4094.081455,427.981396,280.300951,834.626347,159.482763,331.446039,918.424130,188.157437
нульА	7202	0.2292	96
зародыш	7202	96	0.9992	0.5000	3.0030	1.0000	0.0000	2.694,2.914,2.990,2.438	0.5448	1.0080	0.9321	0.9985	1.0597	0.9922	1.5071	352.809921,804.729557,356.399723	724.802193,829.194481,717.195094	0,1.983e+0	21.641909,1000.000000,245.081730,200.000000,23.093762,1000.000000,235.706607,200.000000	11.693557,600.000000,170.292361,120.000000,16.352394,600.000000,134.332806,120.000000	463.069212,5246.177921,407.865556,424.871191,1068.249826,442.551593,290.791514,849.006351,258.138574,222.584949,661.314200,221.261462
нульА	7203	0.2261	96
зародыш	7203	96	0.9920	0.4082	2.9184	1.0000	0.0000	2.777,2.939,2.736,2.435	0.5453	0.9635	0.9644	1.0015	1.1469	1.0010	0.9035	391.508075,885.078848,372.790305	552.373501,795.809120,543.380808	0,2.311e+0	25.464015,1000.000000,262.792254,200.000000,24.007692,1000.000000,242.337756,200.000000	17.598369,600.000000,148.711461,120.000000,17.030177,600.000000,157.632873,120.000000	260.292112,886.218011,243.534730,405.094825,2319.496788,373.632335,239.560950,1142.929103,253.142409,121.628669,416.348319,126.288086
нульА	7204	0.2195	96
зародыш	7204	96	0.9981	0.3945	2.9398	1.0000	0.0000	3.078,2.934,2.851,2.699	0.5103	0.8728	0.2729	0.9985	0.9022	0.9991	0.3718	411.856112,765.493624,360.319912	643.096268,675.951443,555.577400	0,2.673e+0	22.071504,1000.000000,249.497768,200.000000,23.586099,1000.000000,264.407857,200.000000	12.901887,600.000000,116.954657,120.000000,13.457441,600.000000,195.008048,120.000000	417.077196,2182.404472,305.315191,317.286782,616.486263,297.424149,189.967937,417.334150,152.279277,282.329960,832.747033,283.790597
нульА	7205	0.2170	96
зародыш	7205	96	0.9976	0.3599	2.9612	1.0000	0.0000	2.678,2.786,2.769,2.671	0.5195	0.9256	0.7010	0.9999	1.0894	0.9993	1.1862	445.772981,847.519392,413.480904	728.653034,895.456754,657.515080	0,2.579e+0	20.662348,1000.000000,238.668763,200.000000,20.753097,1000.000000,224.067305,200.000000	12.146180,600.000000,144.568354,120.000000,12.566865,600.000000,126.574961,120.000000	312.000684,1145.914392,289.019047,436.492995,3238.081610,367.755043,227.535285,587.920535,239.916586,169.603186,533.598467,165.520446
нульА	7206	0.2284	96
зародыш	7206	96	0.9987	0.3947	2.8640	1.0000	0.0000	2.928,2.805,2.700,2.885	0.4963	0.9443	0.8895	1.0071	1.2690	0.9999	0.5828	358.222447,819.512564,331.007719	604.583517,813.795804,578.582427	0,1.895e+0	28.208619,1000.000000,249.897721,200.000000,21.280160,1000.000000,208.981022,200.000000	11.694783,600.000000,129.963948,120.000000,11.759542,600.000000,176.367207,120.000000	321.840080,1285.377416,333.852102,347.296321,2287.155236,361.588370,176.151979,846.035216,163.448595,339.646177,1959.578280,287.620855
нульА	7207	0.2306	96
зародыш	7207	96	0.9937	0.3947	2.7567	1.0000	0.0000	2.855,2.800,3.037,3.032	0.4732	0.7386	0.6040	0.9993	0.5852	1.0004	0.8894	440.442521,732.332185,337.133391	549.400884,645.231764,486.579684	0,2.646e+0	20.041751,1000.000000,247.889187,200.000000,20.734561,1000.000000,311.812512,200.000000	14.287010,600.000000,150.887329,120.000000,14.052105,600.000000,160.873216,120.000000	317.682678,1084.163732,232.791883,605.735169,3337.860263,428.677703,278.165089,1390.578002,140.351162,191.958584,319.571119,135.909727
нульА	7208	0.2309	96
зародыш	7208	96	0.9978	0.3942	2.9282	1.0000	0.0000	2.951,2.966,2.799,2.799	0.5143	0.8567	0.7988	0.9989	0.6904	1.0002	0.8616	373.687383,785.835635,304.726281	930.616108,1148.571586,875.723202	0,2.184e+0	19.722727,1000.000000,191.292793,200.000000,20.776202,1000.000000,256.522648,200.000000	12.313074,600.000000,142.897866,120.000000,12.184132,600.000000,156.498569,120.000000	357.226173,554.242517,354.870735,369.111757,2254.959441,306.364471,194.093044,1367.119924,199.494336,261.921883,1340.485893,220.602761
нульА	7209	0.2297	96
зародыш	7209	96	0.9991	0.3547	2.7636	1.0000	0.0000	2.806,2.724,2.754,2.564	0.5120	0.9709	0.9470	0.9999	0.8495	0.9997	1.2958	350.234021,734.423750,338.703810	431.033573,629.980998,419.897938	0,2.255e+0	21.877361,1000.000000,231.037519,200.000000,21.995277,1000.000000,256.770170,200.000000	12.807981,600.000000,179.461589,120.000000,12.966869,600.000000,161.200984,120.000000	274.594631,3062.459498,230.619012,336.755210,1068.892928,308.463920,235.642476,348.859978,238.434774,171.388413,205.946668,187.033862
нульА	7210	0.2134	96
зародыш	7210	96	0.9959	0.3933	2.7850	1.0000	0.0000	2.916,2.850,2.738,2.942	0.4893	0.1107	-0.0048	1.0003	1.1408	0.9223	1.0736	677.487459,718.135671,351.055593	740.077604,739.002446,516.860173	0,2.785e+0	18.950051,1000.000000,283.126045,200.000000,18.693981,1000.000000,266.391923,200.000000	29.681486,600.000000,143.024990,120.000000,74.440090,600.000000,135.803280,120.000000	500.962559,1936.629825,337.034157,490.809428,1036.624827,404.959609,144.812470,337.990210,134.324823,217.642707,321.640009,152.391693
нульА	7211	0.2231	96
зародыш	7211	96	0.9981	0.3942	2.7738	1.0000	0.0000	2.790,2.888,2.785,2.659	0.4922	0.9446	0.8228	1.0005	1.0463	0.9995	1.3609	409.929530,878.237345,382.480676	566.317115,742.284425,528.411836	0,3.588e+0	20.071750,1000.000000,267.099571,200.000000,19.542273,1000.000000,260.855081,200.000000	11.903676,600.000000,146.908310,120.000000,12.183072,600.000000,112.882859,120.000000	473.123368,1494.426829,471.242734,368.485872,1460.884857,313.730739,223.273960,1456.764306,166.249551,124.416620,263.170650,132.503617
нульА	7212	0.2265	96
зародыш	7212	96	0.9970	0.3943	2.8195	1.0000	0.0000	2.898,2.818,3.026,2.749	0.5176	0.7816	0.5321	1.0010	1.3276	1.0000	0.5566	406.036730,754.219944,308.720196	752.783819,905.961911,618.080724	0,2.215e+0	22.794912,1000.000000,302.923088,200.000000,21.835815,1000.000000,270.467593,200.000000	12.804305,600.000000,135.364079,120.000000,12.803331,600.000000,182.287989,120.000000	907.817368,2379.139918,467.840121,567.305651,1095.754989,315.267383,204.702522,304.510508,139.070384,279.543043,595.331611,205.048204
