M	9001	0.000	3.500	-0.0067	8.00	8	48	NaN	-0.0077	0.0097	614	0.7077
M0	9001	0.000	442.600	-0.0523	8.00	8	48	NaN	0.0117	-0.0105	607	0.1271
BR	9001	29.000	273.867	0.7119	8.00	8	48	NaN	-0.0228	-0.0026	587	0.3356
FM	9001	0.000	7.867	-0.0002	8.00	8	48	0.000	-0.0083	-0.0003	616	0.8472
FM0	9001	0.033	746.100	0.2068	8.00	8	48	0.000	0.0018	-0.0004	578	0.1034
FBR	9001	7.367	642.067	0.4930	8.00	8	48	0.667	0.0011	0.0158	624	0.2687
M	9002	0.000	3.567	-0.0101	8.00	8	48	NaN	-0.0187	-0.0018	595	0.7482
M0	9002	0.000	957.533	0.1399	8.00	8	48	NaN	0.0040	0.0016	547	0.0890
BR	9002	28.033	279.367	0.7042	8.00	8	48	NaN	-0.0010	-0.0061	626	0.3320
FM	9002	0.000	2.167	0.0158	8.00	8	48	0.000	0.0035	0.0018	621	0.8257
FBR	9002	7.733	643.100	0.5056	8.00	8	48	1.067	-0.0102	0.0107	580	0.2680
FM0	9002	0.000	829.267	0.1361	8.00	8	48	0.000	-0.0108	0.0144	602	0.0972
M0	9003	0.000	737.500	0.2588	8.00	8	48	NaN	-0.0018	0.0010	604	0.1050
M	9003	0.000	1.800	0.0051	8.00	8	48	NaN	-0.0051	-0.0037	599	0.8056
BR	9003	30.633	239.700	0.7246	8.00	8	48	NaN	0.0189	-0.0081	582	0.3395
FM	9003	0.300	0.767	0.0166	8.00	8	48	0.400	-0.0066	-0.0373	612	0.8041
FM0	9003	0.033	635.000	0.1305	8.00	8	48	0.067	0.0056	-0.0042	619	0.1113
FBR	9003	7.300	648.533	0.4933	8.00	8	48	0.800	0.0006	0.0133	593	0.2690
M	9004	0.000	0.000	-0.0052	8.00	8	48	NaN	-0.0048	-0.0006	589	0.8162
M0	9004	0.000	766.267	0.2732	8.00	8	48	NaN	0.0007	0.0152	625	0.1025
BR	9004	31.033	261.000	0.7233	8.00	8	48	NaN	-0.0027	0.0105	533	0.3397
FM	9004	5.100	5.967	-0.0754	8.00	8	48	6.067	-0.0376	0.0795	557	0.7251
FBR	9004	7.200	653.067	0.4970	8.00	8	48	0.600	0.0067	-0.0165	599	0.2695
FM0	9004	0.000	810.600	0.1549	8.00	8	48	0.000	-0.0024	0.0036	594	0.0995
M	9005	0.000	8.167	-0.0052	8.00	8	48	NaN	-0.0104	0.0025	633	0.8381
M0	9005	0.000	476.633	0.0289	8.00	8	48	NaN	-0.0052	0.0102	629	0.1244
BR	9005	29.300	261.767	0.7103	8.00	8	48	NaN	0.0065	-0.0026	622	0.3360
FM	9005	0.000	1.167	0.0035	8.00	8	48	0.000	0.0032	-0.0054	550	0.8657
FM0	9005	0.267	426.667	0.0501	7.93	6	48	0.333	0.0021	-0.0042	581	0.1308
FBR	9005	7.367	646.367	0.4986	8.00	8	48	0.867	0.0025	-0.0013	600	0.2697
M	9006	0.033	0.833	0.0063	8.00	8	48	NaN	-0.0112	0.0134	568	0.8237
M0	9006	0.000	637.067	0.1245	8.00	8	48	NaN	-0.0082	0.0056	612	0.1114
BR	9006	32.033	226.633	0.7330	8.00	8	48	NaN	-0.0091	-0.0065	607	0.3473
FM	9006	0.100	118.767	0.0010	8.00	8	48	0.000	-0.3393	0.0741	641	0.6191
FBR	9006	7.333	646.033	0.4966	8.00	8	48	0.933	0.0008	-0.0219	553	0.2691
FM0	9006	0.000	707.167	0.1487	8.00	8	46	0.000	-0.0068	-0.0052	595	0.1067
M	9007	0.000	3.933	0.0029	8.00	8	48	NaN	0.0054	-0.0033	605	0.8704
M0	9007	0.000	766.633	0.2685	8.00	8	48	NaN	0.0342	-0.0149	595	0.1047
BR	9007	29.567	266.033	0.7154	7.87	6	48	NaN	0.0017	0.0059	625	0.3358
FM	9007	0.000	1.233	-0.0035	8.00	8	48	0.000	0.0166	-0.0268	629	0.7971
FM0	9007	0.000	999.967	-0.0028	8.00	8	48	0.000	-0.0007	-0.0023	592	0.0853
FBR	9007	7.667	629.167	0.5147	8.00	8	48	0.533	0.0247	-0.0045	586	0.2712
M	9008	0.000	2.333	0.0011	8.00	8	48	NaN	0.0272	-0.0055	638	0.7840
M0	9008	0.000	814.467	0.0745	8.00	8	48	NaN	-0.0027	0.0008	593	0.0997
BR	9008	29.500	263.367	0.7145	8.00	8	48	NaN	-0.0137	0.0143	602	0.3363
FM	9008	0.000	8.533	0.0165	8.00	8	48	0.000	-0.0039	0.0059	650	0.8541
FM0	9008	0.067	701.800	0.1882	8.00	8	48	0.133	0.0009	-0.0055	589	0.1064
FBR	9008	7.667	632.600	0.5109	8.00	8	48	1.133	-0.0149	-0.0091	610	0.2728
M	9009	0.000	1.567	0.0035	8.00	8	48	NaN	-0.0355	0.0189	585	0.8007
M0	9009	0.033	456.433	-0.0564	8.00	8	48	NaN	-0.0060	0.0014	614	0.1234
BR	9009	30.067	268.333	0.7122	8.00	8	48	NaN	0.0106	0.0040	563	0.3341
FM	9009	0.000	2.767	-0.0051	8.00	8	48	0.000	-0.0083	0.0060	564	0.8283
FM0	9009	0.000	903.300	0.1441	8.00	8	48	0.000	-0.0112	0.0095	591	0.0924
FBR	9009	7.267	658.633	0.5014	8.00	8	48	0.467	0.0057	0.0152	589	0.2673
M	9010	0.000	0.000	0.0032	8.00	8	48	NaN	0.0040	-0.0089	574	0.8600
M0	9010	0.033	627.200	0.2471	8.00	8	48	NaN	-0.0035	0.0057	622	0.1129
BR	9010	30.433	247.900	0.7218	8.00	8	48	NaN	0.0005	-0.0006	612	0.3405
FM	9010	11.800	0.467	-0.1276	8.00	8	48	11.533	-0.0036	0.0238	625	0.7973
FM0	9010	0.133	638.667	0.1437	8.00	8	48	0.133	0.0150	-0.0100	608	0.1126
FBR	9010	7.100	656.667	0.4861	8.00	8	48	0.667	-0.0023	-0.0035	613	0.2655
M	9011	0.033	2.933	-0.0010	8.00	8	48	NaN	-0.0049	-0.0027	641	0.8498
M0	9011	0.000	753.267	0.1694	8.00	8	48	NaN	-0.0010	0.0019	579	0.1025
BR	9011	28.800	285.733	0.7087	8.00	8	48	NaN	-0.0078	0.0001	587	0.3349
FM	9011	0.000	1.967	-0.0069	8.00	8	48	0.000	-0.0027	-0.0011	616	0.8314
FM0	9011	0.167	489.667	-0.0013	8.00	8	48	0.333	0.0044	-0.0052	628	0.1257
FBR	9011	7.500	644.533	0.5024	8.00	8	48	0.600	-0.0036	0.0072	560	0.2694
M	9012	0.000	0.000	-0.0019	8.00	8	48	NaN	-0.0001	0.0021	628	0.8787
M0	9012	0.033	644.433	0.2180	8.00	8	48	NaN	-0.0113	0.0197	591	0.1103
BR	9012	27.833	282.967	0.7024	8.00	8	48	NaN	-0.0102	-0.0023	634	0.3317
FM	9012	0.000	64.833	-0.0159	8.00	8	48	0.000	-0.1704	0.0872	618	0.7852
FM0	9012	0.533	272.200	-0.0349	8.00	8	48	0.333	0.0045	-0.0034	585	0.1423
FBR	9012	7.300	652.800	0.5033	8.00	8	48	0.533	0.0081	-0.0080	579	0.2688
