Z0	2901	0.6278	1.0511	0.6103	0.1245	0.7410	0.9436	0.3641	0.7141	0.9024	0.4077	0.1730	0.8291	0.8974	0.1895
ZG	2901	0.9987	1.1572	0.1491	0.1018	0.1942	0.2233	0.0395	0.9735	1.2027	0.1543	0.1303	0.2308	0.0192	0.0169
00	2901	0.6680	0.4843	0.5312	0.1153	0.7331	0.9091	0.2772	0.6897	0.5024	0.5559	0.1388	0.8343	0.9290	0.3129
0G	2901	0.8490	1.1280	0.1941	0.1306	0.2672	0.0687	0.0558	0.3768	0.3261	0.2057	0.1489	0.3165	0.1519	0.1126
0G	2902	0.8484	1.0485	0.1740	0.1151	0.2261	0.0000	0.0799	0.8530	0.8480	0.2175	0.1513	0.3049	0.1463	0.1081
00	2902	0.8351	0.7951	0.4939	0.1386	0.7692	0.8585	0.2486	0.7425	1.3720	0.5530	0.1487	0.8187	0.9223	0.3971
ZG	2902	0.9990	0.6106	0.1473	0.1358	0.1300	0.0100	0.0678	1.0009	0.7464	0.1048	0.1656	0.1364	0.1818	0.0175
Z0	2902	0.7216	1.6882	0.5076	0.1609	0.8078	0.9369	0.3092	0.7575	0.2588	0.5594	0.1561	0.6089	0.8771	0.4118
00	2903	0.6626	0.6542	0.5618	0.2180	0.6893	0.8964	0.2850	0.8239	0.6825	0.5068	0.2389	0.7297	0.8919	0.2830
Z0	2903	0.7032	0.7764	0.5366	0.2454	0.6299	0.8279	0.1872	0.9571	0.7107	0.4934	0.2035	0.7097	0.8978	0.1842
ZG	2903	0.9999	0.9137	0.2901	0.2199	0.1989	0.0442	0.1183	0.9101	2.2567	0.2744	0.1637	0.5632	0.0690	0.0609
0G	2903	0.7062	0.8149	0.2696	0.2275	0.2595	0.0506	0.1256	0.5503	0.9942	0.3273	0.1816	0.3444	0.2222	0.2339
00	2904	0.9253	1.4622	0.4985	0.1728	0.5565	0.8363	0.1895	0.9721	0.9202	0.4189	0.1591	0.5419	0.7419	0.1623
Z0	2904	0.8929	1.2384	0.4979	0.1969	0.6186	0.8955	0.2032	0.7287	0.8635	0.5593	0.2643	0.6590	0.8387	0.3510
0G	2904	0.9468	1.3724	0.2084	0.2218	0.2418	0.0327	0.0573	0.7267	0.9536	0.3065	0.2150	0.4444	0.0606	0.1189
ZG	2904	0.9950	1.5319	0.2037	0.2292	0.1307	0.0719	0.0952	0.8938	0.9161	0.2442	0.1788	0.3895	0.0421	0.0651
00	2905	0.8507	1.0547	0.4387	0.1893	0.6453	0.8453	0.2060	0.6929	0.7118	0.4854	0.2043	0.8000	0.9200	0.3434
Z0	2905	0.8852	0.9214	0.4748	0.2362	0.6125	0.9187	0.1460	0.7603	1.2293	0.5425	0.2255	0.8093	0.9449	0.2902
0G	2905	0.6876	1.3210	0.1951	0.2436	0.2222	0.1037	0.0526	0.6120	1.5232	0.2369	0.1732	0.3365	0.0481	0.0680
ZG	2905	1.0010	1.1755	0.2097	0.2161	0.2051	0.0000	0.0698	1.0001	0.6942	0.2680	0.2054	0.2828	0.1793	0.0609
00	2906	0.8644	0.8592	0.4576	0.1641	0.6911	0.9073	0.1231	0.8293	0.6983	0.3700	0.1426	0.7748	0.9009	0.2347
Z0	2906	0.9105	0.6856	0.4658	0.2044	0.7265	0.8898	0.2238	0.9828	0.8832	0.2181	0.1650	0.7358	0.8491	0.0588
0G	2906	0.8673	0.8759	0.1904	0.1736	0.2439	0.0976	0.0544	0.7853	0.6831	0.1036	0.1490	0.3793	0.0000	0.0225
ZG	2906	0.9687	0.6825	0.1117	0.1595	0.1587	0.0000	0.0232	0.9985	0.9654	0.1205	0.1063	0.2703	0.1351	0.0707
00	2907	-0.3238	0.8654	0.5285	0.2188	0.7697	0.9388	0.2682	0.5392	1.4086	0.4914	0.1695	0.7733	0.7384	0.2320
Z0	2907	0.6864	1.2017	0.5307	0.2157	0.6687	0.9437	0.2811	0.7101	2.0120	0.4903	0.2067	0.6974	0.8487	0.2947
0G	2907	0.8181	1.2030	0.1598	0.2085	0.4409	0.0215	0.0210	0.9253	0.9940	0.1840	0.1475	0.5000	0.1711	0.0763
ZG	2907	0.9978	0.4840	0.1905	0.1787	0.2321	0.1161	0.0276	0.9940	1.1708	0.1570	0.1753	0.3889	0.0370	0.0364
00	2908	0.7175	0.6246	0.5200	0.1726	0.7083	0.9231	0.3333	0.8278	1.7771	0.3918	0.1213	0.8333	0.9583	0.2114
Z0	2908	0.7254	0.9672	0.5027	0.1680	0.7097	0.8746	0.3579	0.7262	0.9640	0.4180	0.1709	0.8692	0.9346	0.2472
0G	2908	0.8491	0.9100	0.1404	0.1836	0.2809	0.1011	0.0633	0.7419	0.7638	0.2364	0.1294	0.3678	0.1609	0.1521
ZG	2908	0.9967	1.3643	0.1656	0.1845	0.1810	0.0000	0.0660	0.8996	0.6856	0.3018	0.1451	0.2451	0.2451	0.1912
00	2909	0.9005	1.2571	0.5221	0.1471	0.7232	0.8870	0.2384	0.8213	0.6230	0.5371	0.2469	0.6243	0.8177	0.3700
Z0	2909	0.9310	0.9923	0.4784	0.1677	0.6506	0.9458	0.1937	0.6891	0.8892	0.5778	0.2225	0.7115	0.8846	0.3454
0G	2909	0.9996	0.8451	0.2080	0.1851	0.4106	0.0795	0.0773	1.0009	0.5237	0.1374	0.1412	0.4074	0.1481	0.0706
ZG	2909	1.0005	0.6470	0.2203	0.1839	0.2191	0.1517	0.0654	0.9351	0.8208	0.1663	0.2136	0.2466	0.0822	0.0855
00	2910	0.6255	0.9445	0.5707	0.1229	0.8319	0.9322	0.4084	0.7091	0.5799	0.5342	0.1597	0.8205	0.9359	0.3642
Z0	2910	0.8257	-0.4787	0.5559	0.1672	0.7927	0.9268	0.3774	0.8581	3.0289	0.4897	0.1469	0.7470	0.8614	0.3091
0G	2910	0.7975	0.8326	0.1664	0.1473	0.2871	0.0000	0.0491	0.6260	1.4571	0.1377	0.1398	0.6429	0.0238	0.0251
ZG	2910	1.0033	1.1091	0.2029	0.1188	0.1957	0.1377	0.1311	0.9763	0.8443	0.2379	0.1707	0.2796	0.0323	0.1121
00	2911	0.7445	0.8332	0.5114	0.1737	0.7333	0.9460	0.2902	0.7091	0.7615	0.5751	0.2031	0.6879	0.9045	0.3664
Z0	2911	0.7500	1.0232	0.5259	0.1192	0.7507	0.9205	0.3229	0.8397	1.2951	0.5028	0.1124	0.7022	0.9382	0.2654
0G	2911	0.9917	0.5420	0.1908	0.1417	0.2558	0.1008	0.0382	0.9742	1.1683	0.2294	0.1734	0.3804	0.0543	0.1004
ZG	2911	0.9995	1.2343	0.1478	0.1493	0.2424	0.0404	0.0333	1.0003	1.3753	0.1332	0.1591	0.2075	0.0755	0.0563
00	2912	0.7689	0.7501	0.5430	0.1436	0.7583	0.8944	0.2652	0.8031	0.9852	0.4904	0.1756	0.7255	0.7647	0.2767
Z0	2912	0.7319	1.7842	0.5884	0.1765	0.6563	0.9087	0.3320	0.7070	0.6863	0.5643	0.2018	0.6605	0.7907	0.3299
0G	2912	0.9365	0.5338	0.2030	0.1778	0.3733	0.0333	0.0488	0.6346	0.8686	0.2146	0.2172	0.5426	0.1596	0.0558
ZG	2912	0.9993	1.0166	0.2124	0.1520	0.2744	0.0793	0.0373	0.9575	0.8923	0.1951	0.1929	0.3523	0.1705	0.0985
