HQ=0.0005 n=1	7502	0.8473	0.2856	0.9945	0.6444	8	0.502	NaN	0	0.8473	200622
HQ=0.0005 n=1	7503	0.8572	0.4928	0.9940	0.5956	8	0.383	NaN	0	0.8572	153332
HQ=0.0005 n=1	7504	0.7948	0.4362	0.9971	0.4811	8	0.371	NaN	0	0.7948	148324
HQ=0.0005 n=1	7501	0.8166	0.3835	0.9950	0.5358	8	0.422	NaN	0	0.8166	168887
HQ=0.0005 n=1	7505	0.7347	0.4277	0.9956	0.3235	7	0.324	NaN	0	0.7348	129429
HQ=0.0005 n=1	7506	0.8138	0.4216	0.9937	0.4393	8	0.384	NaN	0	0.8138	153599
HQ=0.0005 n=3	7502	0.7065	0.4712	0.3619	0.4033	8	0.396	NaN	0	0.7065	158272
HQ=0.0005 n=3	7501	0.7436	0.5415	0.3452	0.4291	8	0.452	NaN	0	0.7436	180661
HQ=0.0005 n=3	7504	0.7788	0.3991	0.3485	0.4715	8	0.577	NaN	0	0.7789	230901
HQ=0.0005 n=3	7503	0.8491	0.5851	0.3458	0.6094	8	0.477	NaN	0	0.8491	190625
HQ=0.0005 n=3	7506	0.8125	0.4890	0.3541	0.7291	8	0.501	NaN	0	0.8126	200475
HQ=0.0005 n=3	7505	0.8394	0.5271	0.3452	0.6198	8	0.525	NaN	0	0.8394	210050
HQ=0.0005 n=10	7501	0.7781	0.5272	0.1119	0.5095	8	0.556	NaN	0	0.7781	222345
HQ=0.0005 n=10	7502	0.7846	0.4338	0.1100	0.5408	8	0.691	NaN	0	0.7846	276233
HQ=0.0005 n=10	7503	0.7625	0.5852	0.1078	0.4347	8	0.453	NaN	0	0.7625	181050
HQ=0.0005 n=10	7504	0.7947	0.5967	0.1044	0.4497	8	0.512	NaN	0	0.7947	204846
HQ=0.0005 n=10	7506	0.7798	0.4884	0.1081	0.3961	8	0.642	NaN	0	0.7798	256955
HQ=0.0005 n=10	7505	0.8269	0.5150	0.1077	0.5589	8	0.707	NaN	0	0.8269	282829
HQ=0.0005 n=30	7501	0.8622	0.6062	0.0370	0.7751	8	0.670	NaN	0	0.8622	267881
HQ=0.0005 n=30	7502	0.8657	0.4610	0.0365	0.7588	8	0.792	NaN	0	0.8657	316655
HQ=0.0005 n=30	7503	0.8167	0.6285	0.0368	0.6443	8	0.514	NaN	0	0.8167	205456
HQ=0.0005 n=30	7504	0.7617	0.5956	0.0360	0.4247	8	0.492	NaN	0	0.7617	196910
HQ=0.0005 n=30	7505	0.8185	0.5924	0.0371	0.5554	8	0.573	NaN	0	0.8185	229328
HQ=0.0005 n=30	7506	0.8192	0.6322	0.0357	0.5930	8	0.629	NaN	0	0.8192	251462
HQ=0.0005 n=100	7502	0.7635	0.4409	0.0117	0.4622	8	0.691	NaN	0	0.7635	276499
HQ=0.0005 n=100	7501	0.7700	0.5709	0.0114	0.4601	8	0.666	NaN	0	0.7700	266204
HQ=0.0005 n=100	7503	0.7860	0.5706	0.0120	0.5196	8	0.600	NaN	0	0.7860	239940
HQ=0.0005 n=100	7504	0.7749	0.5846	0.0113	0.3396	8	0.598	NaN	0	0.7749	239308
HQ=0.0005 n=100	7505	0.7201	0.5097	0.0112	0.3600	8	0.617	NaN	0	0.7201	246622
HQ=0.0005 n=100	7506	0.7464	0.6072	0.0119	0.3969	8	0.435	NaN	0	0.7463	173845
HQ=0.005 n=1	7502	0.7277	0.4460	0.9971	0.4783	8	0.314	NaN	0	0.7277	125448
HQ=0.005 n=1	7501	0.7247	0.3152	0.9967	0.5132	8	0.409	NaN	0	0.7247	163479
HQ=0.005 n=1	7504	0.7422	0.4666	0.9966	0.4387	8	0.326	NaN	0	0.7422	130539
HQ=0.005 n=1	7503	0.7142	0.4005	0.9945	0.4794	8	0.310	NaN	0	0.7142	124164
HQ=0.005 n=1	7506	0.7802	0.4118	0.9964	0.5322	8	0.373	NaN	0	0.7802	149292
HQ=0.005 n=1	7505	0.7210	0.3689	0.9955	0.5008	8	0.332	NaN	0	0.7210	132790
HQ=0.005 n=3	7502	0.7506	0.3336	0.3463	0.4477	8	0.643	NaN	0	0.7506	257270
HQ=0.005 n=3	7501	0.6807	0.4084	0.3612	0.5368	8	0.431	NaN	0	0.6807	172569
HQ=0.005 n=3	7503	0.7584	0.5760	0.3440	0.5273	8	0.433	NaN	0	0.7584	173374
HQ=0.005 n=3	7504	0.7429	0.5728	0.3466	0.4586	8	0.406	NaN	0	0.7429	162546
HQ=0.005 n=3	7505	0.7227	0.5687	0.3499	0.4332	8	0.411	NaN	0	0.7227	164341
HQ=0.005 n=3	7506	0.7461	0.4726	0.3461	0.5012	8	0.553	NaN	0	0.7461	221143
HQ=0.005 n=10	7501	0.7211	0.5013	0.1101	0.4846	8	0.614	NaN	0	0.7211	245603
HQ=0.005 n=10	7502	0.7456	0.6185	0.1055	0.5171	8	0.490	NaN	0	0.7456	195904
HQ=0.005 n=10	7503	0.7420	0.5655	0.1081	0.5095	8	0.576	NaN	0	0.7420	230426
HQ=0.005 n=10	7504	0.7406	0.6095	0.1102	0.5129	8	0.418	NaN	0	0.7406	167241
HQ=0.005 n=10	7505	0.7066	0.4799	0.1132	0.5212	8	0.622	NaN	0	0.7066	248726
HQ=0.005 n=10	7506	0.7383	0.5322	0.1107	0.4962	8	0.585	NaN	0	0.7383	234033
HQ=0.005 n=30	7501	0.7186	0.6247	0.0361	0.4838	8	0.453	NaN	0	0.7186	181012
HQ=0.005 n=30	7503	0.6972	0.5830	0.0362	0.4548	8	0.549	NaN	0	0.6972	219767
HQ=0.005 n=30	7502	0.7345	0.6457	0.0359	0.5271	8	0.488	NaN	0	0.7345	195295
HQ=0.005 n=30	7504	0.7415	0.6561	0.0357	0.5224	8	0.490	NaN	0	0.7415	195832
HQ=0.005 n=30	7506	0.7183	0.6111	0.0361	0.5185	8	0.559	NaN	0	0.7183	223525
HQ=0.005 n=30	7505	0.7302	0.6030	0.0381	0.5239	8	0.561	NaN	0	0.7302	224386
HQ=0.005 n=100	7501	0.6359	0.5424	0.0122	0.4970	8	0.400	NaN	0	0.6359	160139
HQ=0.005 n=100	7502	0.6309	0.5241	0.0118	0.5398	8	0.449	NaN	0	0.6309	179494
HQ=0.005 n=100	7505	0.6248	0.5026	0.0113	0.5061	8	0.583	NaN	0	0.6248	233153
HQ=0.005 n=100	7503	0.6024	0.5446	0.0139	0.5290	8	0.454	NaN	0	0.6024	181659
HQ=0.005 n=100	7506	0.6102	0.5045	0.0148	0.4417	8	0.374	NaN	0	0.6102	149713
HQ=0.005 n=100	7504	0.6620	0.6128	0.0117	0.4964	8	0.528	NaN	0	0.6620	211285
HQ=0.05 n=1	7502	0.6150	0.2211	0.9952	0.5074	8	0.367	NaN	0	0.6149	146787
HQ=0.05 n=1	7501	0.6248	0.3263	0.9967	0.5004	8	0.334	NaN	0	0.6248	133519
HQ=0.05 n=1	7504	0.6061	0.3088	0.9966	0.4871	8	0.347	NaN	0	0.6061	138905
HQ=0.05 n=1	7503	0.6145	0.3067	0.9963	0.5031	8	0.307	NaN	0	0.6145	122860
HQ=0.05 n=1	7505	0.6090	0.3187	0.9968	0.4783	7	0.303	NaN	0	0.6090	121061
HQ=0.05 n=1	7506	0.6053	0.2998	0.9966	0.5015	8	0.309	NaN	0	0.6053	123521
HQ=0.05 n=3	7501	0.6010	0.4372	0.3530	0.4891	8	0.464	NaN	0	0.6010	185795
HQ=0.05 n=3	7502	0.5680	0.3128	0.3621	0.4955	8	0.439	NaN	0	0.5680	175688
HQ=0.05 n=3	7503	0.5963	0.4269	0.3580	0.4929	8	0.374	NaN	0	0.5963	149495
HQ=0.05 n=3	7504	0.5977	0.4260	0.3562	0.5157	8	0.350	NaN	0	0.5977	140037
HQ=0.05 n=3	7505	0.5976	0.4850	0.3588	0.4890	8	0.328	NaN	0	0.5976	131291
HQ=0.05 n=3	7506	0.6023	0.3929	0.3529	0.5040	8	0.400	NaN	0	0.6023	159961
HQ=0.05 n=10	7501	0.5636	0.5077	0.1066	0.5109	8	0.507	NaN	0	0.5636	202635
HQ=0.05 n=10	7502	0.5057	0.4115	0.1113	0.4857	8	0.413	NaN	0	0.5057	165106
HQ=0.05 n=10	7503	0.5543	0.4845	0.1050	0.4882	8	0.432	NaN	0	0.5543	172644
HQ=0.05 n=10	7504	0.5537	0.5469	0.1041	0.5020	8	0.396	NaN	0	0.5537	158330
HQ=0.05 n=10	7506	0.5864	0.5237	0.1134	0.5104	8	0.446	NaN	0	0.5864	178428
HQ=0.05 n=10	7505	0.5443	0.5382	0.1085	0.4989	8	0.397	NaN	0	0.5443	158651
HQ=0.05 n=30	7501	0.4945	0.4881	0.0391	0.5012	8	0.481	NaN	0	0.4945	192314
HQ=0.05 n=30	7502	0.4988	0.4475	0.0363	0.5020	8	0.614	NaN	0	0.4988	245724
HQ=0.05 n=30	7503	0.4971	0.5490	0.0391	0.4950	8	0.351	NaN	0	0.4972	140560
HQ=0.05 n=30	7504	0.4863	0.3921	0.0375	0.5032	8	0.637	NaN	0	0.4863	254874
HQ=0.05 n=30	7505	0.4969	0.4866	0.0436	0.5147	8	0.499	NaN	0	0.4969	199414
HQ=0.05 n=30	7506	0.4987	0.4364	0.0363	0.5106	8	0.608	NaN	0	0.4987	243357
HQ=0.05 n=100	7501	0.4539	0.5620	0.0123	0.4982	8	0.427	NaN	0	0.4539	170692
HQ=0.05 n=100	7502	0.4293	0.5076	0.0126	0.4992	8	0.448	NaN	0	0.4293	179145
HQ=0.05 n=100	7503	0.4546	0.5604	0.0126	0.4900	8	0.381	NaN	0	0.4546	152214
HQ=0.05 n=100	7504	0.4515	0.5195	0.0123	0.4990	8	0.595	NaN	0	0.4515	237818
HQ=0.05 n=100	7505	0.4592	0.5663	0.0147	0.4989	8	0.507	NaN	0	0.4592	202698
HQ=0.05 n=100	7506	0.4747	0.6164	0.0132	0.5046	8	0.473	NaN	0	0.4747	189049
HQ=0.3 n=1	7502	0.4635	0.1766	0.9954	0.4990	8	0.237	NaN	0	0.4636	94976
HQ=0.3 n=1	7501	0.4174	0.1521	0.9935	0.5009	8	0.163	NaN	0	0.4175	65337
HQ=0.3 n=1	7503	0.4326	0.1513	0.9909	0.4970	8	0.207	NaN	0	0.4326	82715
HQ=0.3 n=1	7506	0.4437	0.1671	0.9911	0.4955	8	0.237	NaN	0	0.4437	94671
HQ=0.3 n=1	7504	0.4363	0.2085	0.9939	0.4988	8	0.240	NaN	0	0.4362	95959
HQ=0.3 n=1	7505	0.4503	0.1941	0.9949	0.4974	8	0.149	NaN	0	0.4502	59612
HQ=0.3 n=3	7501	0.4503	0.3609	0.3574	0.5039	8	0.378	NaN	0	0.4503	151280
HQ=0.3 n=3	7503	0.4534	0.3463	0.3469	0.4974	8	0.399	NaN	0	0.4534	159784
HQ=0.3 n=3	7502	0.4395	0.3535	0.3561	0.5014	8	0.421	NaN	0	0.4395	168276
HQ=0.3 n=3	7504	0.4494	0.3587	0.3620	0.4959	8	0.359	NaN	0	0.4494	143740
HQ=0.3 n=3	7505	0.4503	0.3558	0.3436	0.4995	8	0.413	NaN	0	0.4503	165356
HQ=0.3 n=10	7501	0.4500	0.4712	0.1042	0.5020	8	0.595	NaN	0	0.4500	238014
HQ=0.3 n=3	7506	0.4499	0.3736	0.3562	0.4965	8	0.356	NaN	0	0.4499	142496
HQ=0.3 n=10	7502	0.4461	0.4977	0.1097	0.5023	8	0.518	NaN	0	0.4461	207372
HQ=0.3 n=10	7503	0.4358	0.5214	0.1073	0.4966	8	0.423	NaN	0	0.4358	169244
HQ=0.3 n=10	7504	0.4394	0.5148	0.1085	0.4967	8	0.465	NaN	0	0.4394	185803
HQ=0.3 n=10	7505	0.4445	0.4483	0.1060	0.4980	8	0.611	NaN	0	0.4445	244513
HQ=0.3 n=10	7506	0.4407	0.5156	0.1053	0.5001	8	0.503	NaN	0	0.4407	201018
HQ=0.3 n=30	7501	0.4362	0.5797	0.0375	0.5026	8	0.517	NaN	0	0.4362	206905
HQ=0.3 n=30	7502	0.3707	0.4257	0.0381	0.5046	8	0.649	NaN	0	0.3707	259453
HQ=0.3 n=30	7503	0.4420	0.6086	0.0358	0.4970	8	0.548	NaN	0	0.4420	219383
HQ=0.3 n=30	7504	0.4461	0.5418	0.0359	0.5028	8	0.610	NaN	0	0.4461	244087
HQ=0.3 n=30	7505	0.4441	0.5653	0.0364	0.4984	8	0.614	NaN	0	0.4441	245621
HQ=0.3 n=30	7506	0.4408	0.4721	0.0355	0.4994	8	0.719	NaN	0	0.4408	287699
HQ=0.3 n=100	7502	0.4533	0.5966	0.0121	0.5019	8	0.638	NaN	0	0.4533	255197
HQ=0.3 n=100	7501	0.4162	0.5308	0.0114	0.5055	8	0.596	NaN	0	0.4162	238449
HQ=0.3 n=100	7503	0.4440	0.6449	0.0118	0.5107	8	0.478	NaN	0	0.4440	191382
HQ=0.3 n=100	7504	0.4454	0.6537	0.0117	0.4971	8	0.450	NaN	0	0.4454	179914
HQ=0.3 n=100	7506	0.4468	0.5804	0.0115	0.5048	8	0.615	NaN	0	0.4468	246096
HQ=0.3 n=100	7505	0.4462	0.5562	0.0114	0.5018	8	0.664	NaN	0	0.4462	265436
