3904	0	0.9529	0.9529	9.48e-1	1.000	0.000	0.000	0.000	0.000	0.953	8
3901	0	0.9600	0.9600	9.44e-1	1.000	0.000	0.000	0.000	0.000	0.960	8
3903	0	0.9592	0.9546	9.33e-1	0.485	0.000	0.018	0.287	0.210	0.955	8
3901	1	0.9555	0.9555	9.35e-1	1.000	0.000	0.000	0.000	0.000	0.956	8
3902	0	0.9900	0.9900	9.91e-1	1.000	0.000	0.000	0.000	0.000	1.007	8
3904	1	0.9900	0.9574	9.27e-1	0.000	1.000	0.000	0.000	0.000	1.067	8
3901	2	0.9581	0.9581	9.45e-1	1.000	0.000	0.000	0.000	0.000	0.958	8
3903	1	0.9771	0.9151	9.13e-1	0.436	0.003	0.000	0.332	0.229	0.915	8
3902	1	0.9900	0.9900	9.99e-1	0.989	0.005	0.000	0.005	0.000	1.018	8
3904	2	0.9437	0.9325	9.30e-1	0.000	1.000	0.000	0.000	0.000	0.944	8
3901	3	0.9900	0.9900	9.86e-1	1.000	0.000	0.000	0.000	0.000	1.003	8
3902	2	0.9835	0.9835	7.47e-1	1.000	0.000	0.000	0.000	0.000	0.984	8
3903	2	0.9131	0.9131	9.53e-1	1.000	0.000	0.000	0.000	0.000	0.913	8
3904	3	0.9483	0.9483	9.41e-1	0.998	0.000	0.002	0.000	0.000	0.948	8
3903	3	0.9559	0.9559	1.01e+0	1.000	0.000	0.000	0.000	0.000	0.956	8
3902	3	0.9900	0.9878	9.58e-1	0.000	0.302	0.000	0.697	0.000	1.055	8
3901	4	0.9754	0.9754	9.67e-1	0.999	0.001	0.000	0.000	0.000	0.975	8
3902	4	0.9842	0.9842	9.82e-1	1.000	0.000	0.000	0.000	0.000	0.984	8
3904	4	0.9867	0.9867	9.82e-1	1.000	0.000	0.000	0.000	0.000	0.987	8
3903	4	1.0173	0.9710	9.52e-1	0.378	0.096	0.004	0.287	0.236	0.971	8
3902	5	0.9671	0.9671	9.64e-1	1.000	0.000	0.000	0.000	0.000	0.967	8
3901	5	0.9856	0.9856	9.81e-1	1.000	0.000	0.000	0.000	0.000	0.986	8
3904	5	0.9741	0.9741	9.72e-1	1.000	0.000	0.000	0.000	0.000	0.974	8
3903	5	1.0204	0.9616	9.78e-1	0.247	0.300	0.000	0.228	0.224	0.962	8
3903	6	0.9671	0.9671	9.44e-1	0.956	0.044	0.000	0.000	0.000	0.967	8
3902	6	0.9567	0.9567	1.01e+0	1.000	0.000	0.000	0.000	0.000	0.957	8
3904	6	0.9527	0.9527	9.40e-1	1.000	0.000	0.000	0.000	0.000	0.953	8
3901	6	0.9864	0.9864	9.83e-1	0.983	0.017	0.000	0.000	0.000	0.986	8
3903	7	0.9673	0.9673	9.32e-1	1.000	0.000	0.000	0.000	0.000	0.967	8
3902	7	0.9900	0.9780	1.01e+0	0.000	1.000	0.000	0.000	0.000	1.142	8
3903	8	0.9730	0.9730	9.40e-1	1.000	0.000	0.000	0.000	0.000	0.973	8
3904	7	0.9595	0.9595	9.51e-1	1.000	0.000	0.000	0.000	0.000	0.959	8
3901	7	0.9853	0.9853	9.79e-1	1.000	0.000	0.000	0.000	0.000	0.985	8
3902	8	0.9900	0.9900	1.00e+0	1.000	0.000	0.000	0.000	0.000	1.021	8
3904	8	0.9407	0.9407	9.29e-1	1.000	0.000	0.000	0.000	0.000	0.941	8
3903	9	0.9676	0.9676	8.92e-1	1.000	0.000	0.000	0.000	0.000	0.968	8
3901	8	0.9866	0.9866	9.82e-1	1.000	0.000	0.000	0.000	0.000	0.987	8
3903	10	0.9780	0.9780	9.50e-1	1.000	0.000	0.000	0.000	0.000	0.978	8
3904	9	0.9322	0.9322	9.15e-1	1.000	0.000	0.000	0.000	0.000	0.932	8
3902	9	0.9685	0.9685	9.61e-1	0.985	0.015	0.000	0.000	0.000	0.968	8
3901	9	0.9723	0.9723	9.56e-1	1.000	0.000	0.000	0.000	0.000	0.972	8
3903	11	0.9795	0.9795	9.67e-1	1.000	0.000	0.000	0.000	0.000	0.979	8
3901	10	0.9758	0.9758	9.68e-1	1.000	0.000	0.000	0.000	0.000	0.976	8
3904	10	0.9460	0.9460	9.37e-1	1.000	0.000	0.000	0.000	0.000	0.946	8
3902	10	0.9900	0.9707	9.44e-1	0.000	1.000	0.000	0.000	0.000	1.189	8
3902	11	0.9949	0.9837	3.67e+0	0.784	0.204	0.000	0.012	0.000	1.686	8
3901	11	0.9662	0.9662	9.52e-1	1.000	0.000	0.000	0.000	0.000	0.966	8
3903	12	0.9615	0.9615	9.87e-1	1.000	0.000	0.000	0.000	0.000	0.961	8
3904	11	0.9369	0.9369	9.33e-1	1.000	0.000	0.000	0.000	0.000	0.937	8
3902	12	0.9434	0.9434	9.93e-1	0.911	0.088	0.000	0.001	0.000	0.943	8
3901	12	0.9900	0.9900	9.90e-1	0.966	0.000	0.000	0.034	0.000	1.004	8
3903	13	0.9574	0.9574	9.12e-1	1.000	0.000	0.000	0.000	0.000	0.957	8
3901	13	0.9900	0.9900	9.90e-1	1.000	0.000	0.000	0.000	0.000	0.998	8
3904	12	0.9638	0.9638	9.59e-1	1.000	0.000	0.000	0.000	0.000	0.964	8
3902	13	0.9125	0.9123	7.72e-1	0.929	0.069	0.000	0.002	0.000	0.912	8
3903	14	0.9865	0.9865	9.95e-1	1.000	0.000	0.000	0.000	0.000	0.987	8
3901	14	0.9855	0.9855	9.75e-1	1.000	0.000	0.000	0.000	0.000	0.986	8
3902	14	0.9459	0.9459	9.90e-1	0.988	0.006	0.000	0.001	0.005	0.946	8
3904	13	0.9641	0.9641	9.62e-1	1.000	0.000	0.000	0.000	0.000	0.964	8
3903	15	0.9494	0.9494	9.82e-1	0.234	0.766	0.000	0.000	0.000	0.949	8
3901	15	0.9713	0.9713	9.52e-1	1.000	0.000	0.000	0.000	0.000	0.971	8
3904	14	0.9753	0.9753	9.72e-1	1.000	0.000	0.000	0.000	0.000	0.975	8
3902	15	0.9368	0.9396	1.20e+0	0.565	0.367	0.000	0.065	0.003	0.940	8
3903	16	0.9745	0.9745	9.83e-1	0.622	0.378	0.000	0.000	0.000	0.974	8
3902	16	0.9521	0.9175	1.01e+0	0.000	1.000	0.000	0.000	0.000	0.952	8
3901	16	0.9611	0.9611	9.44e-1	1.000	0.000	0.000	0.000	0.000	0.961	8
3904	15	0.9895	0.9895	9.87e-1	1.000	0.000	0.000	0.000	0.000	0.989	8
3902	17	0.9739	0.9115	7.52e-1	0.000	1.000	0.000	0.000	0.000	0.974	8
3903	17	0.9886	0.9886	9.41e-1	1.000	0.000	0.000	0.000	0.000	0.989	8
3904	16	0.9900	0.9697	9.66e-1	0.000	1.000	0.000	0.000	0.000	1.038	8
3901	17	0.9780	0.9780	9.75e-1	1.000	0.000	0.000	0.000	0.000	0.978	8
3903	18	0.9834	0.9834	1.02e+0	1.000	0.000	0.000	0.000	0.000	0.983	8
3902	18	0.9668	0.9668	9.92e-1	0.933	0.013	0.000	0.000	0.055	0.967	8
3904	17	0.9820	0.9820	9.80e-1	1.000	0.000	0.000	0.000	0.000	0.982	8
3901	18	0.9900	0.9900	9.90e-1	0.992	0.000	0.008	0.000	0.000	1.004	8
3902	19	0.9499	0.9498	8.48e-1	0.972	0.028	0.000	0.000	0.000	0.950	8
3903	19	0.9809	0.9809	9.58e-1	1.000	0.000	0.000	0.000	0.000	0.981	8
3904	18	0.9662	0.9662	9.63e-1	1.000	0.000	0.000	0.000	0.000	0.966	8
3902	20	0.9900	0.9453	9.31e-1	0.000	1.000	0.000	0.000	0.000	1.007	8
3901	19	0.9900	0.9900	9.90e-1	0.999	0.001	0.000	0.000	0.000	0.995	8
3904	19	0.9609	0.9609	9.55e-1	1.000	0.000	0.000	0.000	0.000	0.961	8
3903	20	0.9516	0.9516	9.50e-1	1.000	0.000	0.000	0.000	0.000	0.952	8
3902	21	0.9419	0.9419	1.49e+0	1.000	0.000	0.000	0.000	0.000	0.942	8
3901	20	0.9759	0.9759	9.66e-1	1.000	0.000	0.000	0.000	0.000	0.976	8
3902	22	0.9354	0.9354	8.73e-1	0.964	0.035	0.001	0.000	0.000	0.935	8
3904	20	0.9886	0.9886	9.87e-1	1.000	0.000	0.000	0.000	0.000	0.989	8
3903	21	0.9789	0.9789	9.16e-1	1.000	0.000	0.000	0.000	0.000	0.979	8
3901	21	0.9739	0.9739	9.68e-1	1.000	0.000	0.000	0.000	0.000	0.974	8
3903	22	0.9821	0.9821	1.00e+0	1.000	0.000	0.000	0.000	0.000	0.982	8
3904	21	0.9900	0.9900	9.90e-1	1.000	0.000	0.000	0.000	0.000	1.002	8
3902	23	0.9482	0.9482	9.32e-1	0.994	0.000	0.000	0.006	0.000	0.948	8
3903	23	0.9900	0.9900	8.42e-1	1.000	0.000	0.000	0.000	0.000	1.000	8
3901	22	0.9900	0.9900	9.90e-1	1.000	0.000	0.000	0.000	0.000	0.996	8
3904	22	0.9900	0.9900	9.89e-1	0.999	0.000	0.000	0.000	0.000	0.991	8
3903	24	0.9900	0.9900	1.01e+0	1.000	0.000	0.000	0.000	0.000	0.997	8
3902	24	0.9367	0.9367	8.96e-1	0.991	0.008	0.000	0.000	0.000	0.937	8
3901	23	0.9900	0.9900	9.87e-1	1.000	0.000	0.000	0.000	0.000	0.991	8
3904	23	0.9711	0.9711	9.66e-1	1.000	0.000	0.000	0.000	0.000	0.971	8
3903	25	0.9844	0.9844	9.49e-1	1.000	0.000	0.000	0.000	0.000	0.984	8
3902	25	0.9587	0.9587	9.43e-1	0.999	0.000	0.001	0.000	0.000	0.959	8
3901	24	0.9900	0.9900	9.90e-1	1.000	0.000	0.000	0.000	0.000	1.012	8
3904	24	0.9547	0.9547	9.48e-1	1.000	0.000	0.000	0.000	0.000	0.955	8
3903	26	0.9900	0.9900	9.75e-1	1.000	0.000	0.000	0.000	0.000	0.995	8
3902	26	0.9781	0.9781	9.79e-1	1.000	0.000	0.000	0.000	0.000	0.978	8
3901	25	0.9863	0.9863	9.79e-1	1.000	0.000	0.000	0.000	0.000	0.986	8
3904	25	0.9779	0.9779	9.70e-1	1.000	0.000	0.000	0.000	0.000	0.978	8
3901	26	0.9892	0.9892	9.85e-1	0.999	0.000	0.001	0.000	0.000	0.989	8
3903	27	0.9900	0.9900	9.74e-1	1.000	0.000	0.000	0.000	0.000	1.003	8
3902	27	0.9349	0.9349	9.66e-1	0.993	0.007	0.000	0.000	0.000	0.935	8
3904	26	0.9780	0.9780	9.76e-1	0.885	0.035	0.024	0.042	0.015	0.978	8
3903	28	0.9836	0.9836	1.06e+0	1.000	0.000	0.000	0.000	0.000	0.984	8
3901	27	0.9889	0.9889	9.82e-1	1.000	0.000	0.000	0.000	0.000	0.989	8
3902	28	0.9767	0.9767	9.48e-1	1.000	0.000	0.000	0.000	0.000	0.977	8
3904	27	0.9900	0.9900	9.88e-1	1.000	0.000	0.000	0.000	0.000	0.993	8
3902	29	0.9900	0.9900	1.00e+0	0.972	0.028	0.000	0.000	0.000	0.991	8
3903	29	0.9900	0.9900	9.00e-1	1.000	0.000	0.000	0.000	0.000	1.000	8
3901	28	0.9741	0.9741	9.69e-1	1.000	0.000	0.000	0.000	0.000	0.974	8
3904	28	0.9672	0.9672	9.59e-1	1.000	0.000	0.000	0.000	0.000	0.967	8
3902	30	0.9655	0.9676	9.91e-1	0.943	0.057	0.000	0.000	0.000	0.957	8
3901	29	0.9900	0.9900	9.90e-1	1.000	0.000	0.000	0.000	0.000	0.997	8
3903	30	0.9900	0.9900	1.79e+0	1.000	0.000	0.000	0.000	0.000	0.995	8
3902	31	0.9925	0.9927	9.93e-1	0.895	0.097	0.000	0.008	0.000	1.003	8
3904	29	0.9521	0.9521	9.36e-1	1.000	0.000	0.000	0.000	0.000	0.952	8
3901	30	0.9875	0.9875	9.85e-1	1.000	0.000	0.000	0.000	0.000	0.987	8
3904	30	0.9595	0.9595	9.57e-1	1.000	0.000	0.000	0.000	0.000	0.960	8
3902	32	0.9773	0.9785	9.94e-1	0.908	0.054	0.000	0.039	0.000	0.972	8
3903	31	0.9753	0.9753	8.81e-1	1.000	0.000	0.000	0.000	0.000	0.975	8
3901	31	0.9738	0.9738	9.66e-1	0.995	0.001	0.005	0.000	0.000	0.974	8
3903	32	0.9826	0.9826	9.53e-1	0.857	0.035	0.098	0.000	0.010	0.983	8
3902	33	0.9818	0.9854	9.91e-1	0.860	0.071	0.000	0.068	0.001	0.980	8
3904	31	0.9618	0.9618	9.49e-1	1.000	0.000	0.000	0.000	0.000	0.962	8
3901	32	0.9578	0.9578	9.47e-1	1.000	0.000	0.000	0.000	0.000	0.958	8
3903	33	0.9674	0.9674	9.58e-1	1.000	0.000	0.000	0.000	0.000	0.967	8
3901	33	0.9357	0.9357	9.19e-1	1.000	0.000	0.000	0.000	0.000	0.936	8
3902	34	0.9992	0.9999	1.00e+0	0.970	0.022	0.000	0.008	0.000	1.004	8
3904	32	0.9592	0.9592	9.54e-1	1.000	0.000	0.000	0.000	0.000	0.959	8
3901	34	0.9594	0.9594	9.57e-1	1.000	0.000	0.000	0.000	0.000	0.959	8
3903	34	0.9506	0.9506	9.13e-1	1.000	0.000	0.000	0.000	0.000	0.951	8
3904	33	0.9475	0.9475	9.38e-1	1.000	0.000	0.000	0.000	0.000	0.947	8
3902	35	0.9900	0.9900	9.65e-1	1.000	0.000	0.000	0.000	0.000	0.994	8
3904	34	0.9268	0.9268	9.21e-1	1.000	0.000	0.000	0.000	0.000	0.927	8
3903	35	0.9474	0.9474	9.08e-1	1.000	0.000	0.000	0.000	0.000	0.947	8
3902	36	0.9818	0.9818	9.63e-1	1.000	0.000	0.000	0.000	0.000	0.982	8
3901	35	0.9853	0.9853	9.75e-1	1.000	0.000	0.000	0.000	0.000	0.985	8
3902	37	0.9872	0.9872	9.79e-1	1.000	0.000	0.000	0.000	0.000	0.987	8
3904	35	0.9463	0.9463	9.38e-1	1.000	0.000	0.000	0.000	0.000	0.946	8
3901	36	0.9618	0.9618	9.56e-1	1.000	0.000	0.000	0.000	0.000	0.962	8
3903	36	0.9481	0.9481	9.22e-1	0.803	0.000	0.000	0.000	0.197	0.948	8
3903	37	0.9854	0.9854	9.64e-1	0.999	0.000	0.000	0.001	0.000	0.985	8
3902	38	0.9647	0.9647	8.23e-1	1.000	0.000	0.000	0.000	0.000	0.965	8
3904	36	0.9329	0.9329	9.23e-1	1.000	0.000	0.000	0.000	0.000	0.933	8
3901	37	0.9410	0.9410	9.30e-1	0.459	0.000	0.000	0.541	0.000	0.941	8
3903	38	0.9845	0.9845	9.63e-1	1.000	0.000	0.000	0.000	0.000	0.984	8
3904	37	0.9462	0.9462	9.40e-1	1.000	0.000	0.000	0.000	0.000	0.946	8
3902	39	0.9732	0.9728	9.94e-1	0.974	0.016	0.000	0.010	0.000	0.973	8
3901	38	0.9900	0.9900	9.81e-1	1.000	0.000	0.000	0.000	0.000	0.990	8
3903	39	0.9568	0.9568	9.40e-1	0.956	0.000	0.044	0.000	0.000	0.957	8
3904	38	0.9688	0.9688	9.65e-1	1.000	0.000	0.000	0.000	0.000	0.969	8
3901	39	0.9900	0.9900	9.90e-1	0.688	0.000	0.000	0.312	0.000	1.004	8
3902	40	0.9757	0.9757	9.67e-1	1.000	0.000	0.000	0.000	0.000	0.976	8
3904	39	0.9733	0.9733	9.63e-1	1.000	0.000	0.000	0.000	0.000	0.973	8
3902	41	0.9855	0.9855	9.55e-1	1.000	0.000	0.000	0.000	0.000	0.985	8
3903	40	0.9757	0.9757	9.34e-1	1.000	0.000	0.000	0.000	0.000	0.976	8
3901	40	0.9900	0.9900	9.87e-1	0.672	0.001	0.006	0.321	0.000	0.994	8
3902	42	0.9850	0.9850	9.56e-1	1.000	0.000	0.000	0.000	0.000	0.985	8
3904	40	0.9685	0.9685	9.62e-1	1.000	0.000	0.000	0.000	0.000	0.968	8
3903	41	0.9688	0.9688	9.62e-1	0.952	0.001	0.000	0.000	0.047	0.969	8
3901	41	0.9900	0.9900	9.89e-1	0.513	0.000	0.000	0.486	0.000	0.993	8
3902	43	0.9749	0.9745	9.55e-1	0.950	0.024	0.000	0.026	0.000	0.975	8
3904	41	0.9640	0.9635	9.47e-1	0.999	0.000	0.000	0.001	0.000	0.964	8
3903	42	0.9758	0.9764	9.66e-1	0.633	0.366	0.000	0.000	0.000	0.976	8
3901	42	0.9815	0.9815	9.78e-1	0.447	0.000	0.000	0.553	0.000	0.982	8
3902	44	0.9900	0.9900	9.88e-1	1.000	0.000	0.000	0.000	0.000	0.997	8
3904	42	0.9719	0.9719	9.65e-1	1.000	0.000	0.000	0.000	0.000	0.972	8
3903	43	0.9900	0.9900	9.96e-1	1.000	0.000	0.000	0.000	0.000	1.012	8
3904	43	0.9861	0.9861	9.81e-1	1.000	0.000	0.000	0.000	0.000	0.986	8
3901	43	0.9796	0.9796	9.75e-1	0.442	0.000	0.000	0.558	0.000	0.980	8
3902	45	0.9900	0.9900	9.71e-1	0.957	0.000	0.000	0.043	0.000	0.993	8
3903	44	0.9839	0.9839	1.01e+0	1.000	0.000	0.000	0.000	0.000	0.984	8
3904	44	0.9420	0.9420	9.28e-1	1.000	0.000	0.000	0.000	0.000	0.942	8
3902	46	0.9706	0.9705	9.86e-1	0.971	0.026	0.000	0.003	0.000	0.970	8
3901	44	0.9831	0.9831	9.81e-1	0.458	0.000	0.000	0.542	0.000	0.983	8
3903	45	0.9625	0.9625	9.45e-1	1.000	0.000	0.000	0.000	0.000	0.963	8
3902	47	0.9738	0.9735	9.38e-1	0.960	0.027	0.000	0.013	0.000	0.974	8
3904	45	0.9436	0.9436	9.35e-1	1.000	0.000	0.000	0.000	0.000	0.944	8
3903	46	0.9556	0.9556	9.45e-1	0.999	0.000	0.000	0.001	0.000	0.956	8
3901	45	0.9792	0.9792	9.76e-1	0.407	0.117	0.000	0.474	0.001	0.979	8
3902	48	0.9604	0.9604	9.74e-1	1.000	0.000	0.000	0.000	0.000	0.960	8
3903	47	0.9628	0.9628	9.74e-1	1.000	0.000	0.000	0.000	0.000	0.963	8
3904	46	0.9386	0.9386	9.28e-1	1.000	0.000	0.000	0.000	0.000	0.939	8
3901	46	0.9664	0.9664	9.60e-1	1.000	0.000	0.000	0.000	0.000	0.966	8
3902	49	0.9859	0.9859	9.64e-1	1.000	0.000	0.000	0.000	0.000	0.986	8
3904	47	0.9309	0.9309	9.23e-1	1.000	0.000	0.000	0.000	0.000	0.931	8
3903	48	0.9824	0.9824	9.70e-1	1.000	0.000	0.000	0.000	0.000	0.982	8
3902	50	0.9849	0.9849	9.82e-1	0.989	0.000	0.000	0.011	0.000	0.985	8
3904	48	0.9253	0.9253	9.22e-1	1.000	0.000	0.000	0.000	0.000	0.925	8
3901	47	0.9890	0.9890	9.86e-1	1.000	0.000	0.000	0.000	0.000	0.989	8
3903	49	0.9844	0.9844	9.74e-1	1.000	0.000	0.000	0.000	0.000	0.984	8
3902	51	0.9865	0.9865	9.78e-1	1.000	0.000	0.000	0.000	0.000	0.987	8
3904	49	0.9321	0.9321	9.25e-1	1.000	0.000	0.000	0.000	0.000	0.932	8
3901	48	0.9700	0.9700	9.63e-1	1.000	0.000	0.000	0.000	0.000	0.970	8
3902	52	0.9827	0.9827	9.84e-1	1.000	0.000	0.000	0.000	0.000	0.983	8
3904	50	0.9165	0.9165	9.15e-1	1.000	0.000	0.000	0.000	0.000	0.916	8
3903	50	0.9414	0.9414	9.58e-1	0.995	0.000	0.005	0.000	0.000	0.941	8
3901	49	0.9867	0.9867	9.85e-1	1.000	0.000	0.000	0.000	0.000	0.987	8
3902	53	0.9753	0.9753	9.59e-1	0.795	0.196	0.000	0.004	0.004	0.975	8
3903	51	0.9661	0.9661	9.74e-1	1.000	0.000	0.000	0.000	0.000	0.966	8
3904	51	0.9158	0.9158	9.06e-1	1.000	0.000	0.000	0.000	0.000	0.916	8
3901	50	0.9757	0.9757	9.72e-1	0.895	0.000	0.000	0.105	0.000	0.976	8
3902	54	0.9643	0.9643	9.34e-1	1.000	0.000	0.000	0.000	0.000	0.964	8
3903	52	0.9447	0.9447	9.64e-1	1.000	0.000	0.000	0.000	0.000	0.945	8
3904	52	0.9259	0.9259	9.21e-1	0.999	0.001	0.000	0.000	0.000	0.926	8
3901	51	0.9900	0.9900	9.90e-1	0.742	0.000	0.001	0.257	0.000	0.997	8
3902	55	0.9517	0.9516	9.59e-1	0.912	0.071	0.000	0.015	0.003	0.952	8
3903	53	0.9900	0.9900	9.84e-1	1.000	0.000	0.000	0.000	0.000	1.005	8
3904	53	0.9818	0.9818	9.68e-1	1.000	0.000	0.000	0.000	0.000	0.982	8
3903	54	0.9900	0.9900	9.84e-1	1.000	0.000	0.000	0.000	0.000	1.026	8
3901	52	0.9796	0.9796	9.76e-1	1.000	0.000	0.000	0.000	0.000	0.980	8
3902	56	0.9900	0.9900	9.76e-1	0.934	0.044	0.000	0.022	0.000	0.992	8
3904	54	0.9805	0.9805	9.74e-1	1.000	0.000	0.000	0.000	0.000	0.980	8
3902	57	0.9900	0.9900	9.83e-1	0.994	0.004	0.000	0.002	0.000	1.018	8
3903	55	0.9725	0.9725	9.80e-1	1.000	0.000	0.000	0.000	0.000	0.972	8
3901	53	0.9844	0.9844	9.81e-1	1.000	0.000	0.000	0.000	0.000	0.984	8
3902	58	0.9900	0.9900	9.73e-1	1.000	0.000	0.000	0.000	0.000	1.007	8
3904	55	0.9706	0.9706	9.68e-1	1.000	0.000	0.000	0.000	0.000	0.971	8
3901	54	0.9777	0.9777	9.73e-1	0.999	0.000	0.001	0.000	0.000	0.978	8
3903	56	0.9643	0.9643	9.61e-1	1.000	0.000	0.000	0.000	0.000	0.964	8
3902	59	0.9693	0.9693	1.07e+0	0.981	0.017	0.000	0.002	0.000	0.969	8
3904	56	0.9809	0.9809	9.79e-1	1.000	0.000	0.000	0.000	0.000	0.981	8
3903	57	0.9881	0.9881	9.71e-1	0.959	0.000	0.041	0.000	0.000	0.988	8
3901	55	0.9761	0.9761	9.69e-1	0.571	0.000	0.000	0.429	0.000	0.976	8
3901	56	0.9719	0.9719	9.64e-1	1.000	0.000	0.000	0.000	0.000	0.972	8
3902	60	0.9618	0.9618	9.63e-1	1.000	0.000	0.000	0.000	0.000	0.962	8
3904	57	0.9754	0.9754	9.73e-1	1.000	0.000	0.000	0.000	0.000	0.975	8
3903	58	0.9900	0.9900	9.88e-1	1.000	0.000	0.000	0.000	0.000	0.991	8
3901	57	0.9708	0.9708	9.60e-1	1.000	0.000	0.000	0.000	0.000	0.971	8
3904	58	0.9900	0.9900	9.86e-1	1.000	0.000	0.000	0.000	0.000	0.991	8
3902	61	0.9900	0.9900	9.74e-1	0.000	1.000	0.000	0.000	0.000	1.067	8
3903	59	0.9847	0.9847	9.94e-1	1.000	0.000	0.000	0.000	0.000	0.985	8
3901	58	0.9900	0.9900	9.87e-1	0.999	0.000	0.000	0.000	0.000	0.993	8
3902	62	0.9866	0.9867	9.89e-1	0.976	0.017	0.000	0.005	0.002	0.987	8
3903	60	0.9715	0.9715	9.60e-1	1.000	0.000	0.000	0.000	0.000	0.972	8
3904	59	0.9763	0.9763	9.70e-1	1.000	0.000	0.000	0.000	0.000	0.976	8
3901	59	0.9877	0.9877	9.84e-1	1.000	0.000	0.000	0.000	0.000	0.988	8
3902	63	0.9785	0.9785	9.45e-1	0.960	0.033	0.000	0.005	0.002	0.978	8
3903	61	0.9841	0.9841	9.69e-1	1.000	0.000	0.000	0.000	0.000	0.984	8
3904	60	0.9900	0.9900	9.90e-1	0.999	0.000	0.001	0.000	0.000	0.997	8
3904	61	0.9798	0.9798	9.76e-1	1.000	0.000	0.000	0.000	0.000	0.980	8
3901	60	0.9900	0.9900	9.90e-1	0.597	0.012	0.000	0.391	0.000	1.004	8
3902	64	0.9613	0.9613	8.48e-1	1.000	0.000	0.000	0.000	0.000	0.961	8
3903	62	0.9900	0.9900	9.91e-1	1.000	0.000	0.000	0.000	0.000	1.002	8
3904	62	0.9694	0.9694	9.64e-1	1.000	0.000	0.000	0.000	0.000	0.969	8
3903	63	0.9900	0.9900	1.00e+0	1.000	0.000	0.000	0.000	0.000	1.004	8
3901	61	0.9814	0.9814	9.61e-1	0.499	0.013	0.000	0.427	0.060	0.981	8
3902	65	0.9900	0.9900	9.83e-1	1.000	0.000	0.000	0.000	0.000	0.998	8
3904	63	0.9564	0.9564	9.48e-1	1.000	0.000	0.000	0.000	0.000	0.956	8
3903	64	0.9726	0.9726	9.38e-1	1.000	0.000	0.000	0.000	0.000	0.973	8
3901	62	0.9620	0.9620	9.40e-1	0.342	0.026	0.001	0.464	0.167	0.962	8
3903	65	0.9331	0.9331	1.00e+0	1.000	0.000	0.000	0.000	0.000	0.933	8
3904	64	0.9900	0.9900	9.89e-1	0.859	0.000	0.006	0.000	0.135	0.997	8
3902	66	0.9900	0.9900	1.00e+0	0.000	0.998	0.000	0.002	0.000	1.171	8
3904	65	0.9900	0.9900	9.88e-1	1.000	0.000	0.000	0.000	0.000	0.993	8
3903	66	0.9501	0.9501	9.29e-1	1.000	0.000	0.000	0.000	0.000	0.950	8
3901	63	0.9430	0.9430	9.24e-1	0.208	0.027	0.000	0.422	0.344	0.943	8
3902	67	0.9802	0.9802	9.36e-1	0.999	0.001	0.001	0.000	0.000	0.980	8
3904	66	0.9789	0.9789	9.75e-1	1.000	0.000	0.000	0.000	0.000	0.979	8
3903	67	0.9900	0.9413	1.06e+0	0.015	0.985	0.000	0.000	0.000	1.388	8
3901	64	0.9388	0.9388	9.17e-1	0.345	0.021	0.000	0.392	0.242	0.939	8
3902	68	0.9847	0.9847	9.80e-1	1.000	0.000	0.000	0.000	0.000	0.985	8
3901	65	0.9415	0.9415	9.25e-1	0.999	0.000	0.001	0.000	0.000	0.941	8
3903	68	0.9327	0.9327	9.27e-1	1.000	0.000	0.000	0.000	0.000	0.933	8
3904	67	0.9748	0.9748	9.67e-1	1.000	0.000	0.000	0.000	0.000	0.975	8
3902	69	0.9900	0.9900	1.03e+0	1.000	0.000	0.000	0.000	0.000	0.996	8
3901	66	0.9900	0.9900	9.81e-1	1.000	0.000	0.000	0.000	0.000	0.996	8
3904	68	0.9810	0.9810	9.77e-1	1.000	0.000	0.000	0.000	0.000	0.981	8
3903	69	0.9560	0.9560	9.78e-1	1.000	0.000	0.000	0.000	0.000	0.956	8
3901	67	0.9784	0.9784	9.70e-1	0.998	0.002	0.000	0.000	0.000	0.978	8
3902	70	0.9451	0.9451	6.47e-1	1.000	0.000	0.000	0.000	0.000	0.945	8
3904	69	0.9555	0.9555	9.44e-1	1.000	0.000	0.000	0.000	0.000	0.956	8
3903	70	0.9429	0.9429	9.52e-1	1.000	0.000	0.000	0.000	0.000	0.943	8
3901	68	0.9734	0.9734	9.64e-1	1.000	0.000	0.000	0.000	0.000	0.973	8
3904	70	0.9587	0.9587	9.51e-1	1.000	0.000	0.000	0.000	0.000	0.959	8
3902	71	0.9656	0.9656	9.34e-1	0.902	0.000	0.000	0.098	0.000	0.966	8
3903	71	0.9900	0.9900	9.76e-1	1.000	0.000	0.000	0.000	0.000	1.022	8
3904	71	0.9522	0.9522	9.42e-1	1.000	0.000	0.000	0.000	0.000	0.952	8
3901	69	0.9757	0.9757	9.69e-1	0.998	0.000	0.001	0.000	0.000	0.976	8
3902	72	0.9900	0.9636	1.07e+0	0.000	1.000	0.000	0.000	0.000	1.415	8
3903	72	0.9900	0.9900	9.84e-1	1.000	0.000	0.000	0.000	0.000	1.023	8
3904	72	0.9754	0.9754	9.64e-1	1.000	0.000	0.000	0.000	0.000	0.975	8
3903	73	0.9826	0.9826	9.72e-1	1.000	0.000	0.000	0.000	0.000	0.983	8
3901	70	0.9834	0.9834	9.72e-1	0.999	0.000	0.000	0.001	0.000	0.983	8
3902	73	0.9900	0.9900	1.01e+0	1.000	0.000	0.000	0.000	0.000	1.003	8
3904	73	0.9824	0.9824	9.78e-1	1.000	0.000	0.000	0.000	0.000	0.982	8
3901	71	0.9900	0.9900	9.90e-1	0.999	0.000	0.000	0.001	0.000	1.002	8
3903	74	0.9693	0.9693	9.97e-1	1.000	0.000	0.000	0.000	0.000	0.969	8
3904	74	0.9900	0.9900	9.90e-1	1.000	0.000	0.000	0.000	0.000	0.995	8
3902	74	0.9900	0.9900	1.03e+0	1.000	0.000	0.000	0.000	0.000	0.992	8
3903	75	0.9671	0.9671	9.30e-1	1.000	0.000	0.000	0.000	0.000	0.967	8
3901	72	0.9900	0.9900	9.90e-1	1.000	0.000	0.000	0.000	0.000	0.993	8
3904	75	0.9822	0.9822	9.84e-1	1.000	0.000	0.000	0.000	0.000	0.982	8
3901	73	0.9846	0.9846	9.77e-1	1.000	0.000	0.000	0.000	0.000	0.985	8
3902	75	0.9866	0.9866	1.00e+0	1.000	0.000	0.000	0.000	0.000	0.987	8
3903	76	0.9763	0.9763	9.65e-1	1.000	0.000	0.000	0.000	0.000	0.976	8
3904	76	0.9900	0.9900	9.89e-1	1.000	0.000	0.000	0.000	0.000	1.000	8
3901	74	0.9790	0.9790	9.72e-1	1.000	0.000	0.000	0.000	0.000	0.979	8
3902	76	0.9730	0.9730	2.17e+0	1.000	0.000	0.000	0.000	0.000	0.973	8
3903	77	0.9573	0.9573	9.96e-1	0.990	0.000	0.000	0.010	0.000	0.957	8
3904	77	0.9876	0.9876	9.85e-1	1.000	0.000	0.000	0.000	0.000	0.988	8
3903	78	0.9584	0.9584	9.52e-1	1.000	0.000	0.000	0.000	0.000	0.958	8
3901	75	0.9686	0.9686	9.52e-1	0.998	0.000	0.000	0.001	0.001	0.969	8
3902	77	0.9900	0.9900	9.90e-1	1.000	0.000	0.000	0.000	0.000	1.006	8
3904	78	0.9823	0.9823	9.83e-1	1.000	0.000	0.000	0.000	0.000	0.982	8
3903	79	0.9699	0.9699	9.47e-1	1.000	0.000	0.000	0.000	0.000	0.970	8
3901	76	0.9900	0.9900	9.90e-1	1.000	0.000	0.000	0.000	0.000	1.000	8
3904	79	0.9682	0.9682	9.68e-1	1.000	0.000	0.000	0.000	0.000	0.968	8
3902	78	0.9900	0.9900	9.85e-1	1.000	0.000	0.000	0.000	0.000	0.999	8
3904	80	0.9703	0.9703	9.74e-1	1.000	0.000	0.000	0.000	0.000	0.970	8
3903	80	0.9900	0.9900	9.86e-1	1.000	0.000	0.000	0.000	0.000	0.998	8
3901	77	0.9640	0.9640	9.52e-1	1.000	0.000	0.000	0.000	0.000	0.964	8
3903	81	0.9841	0.9841	9.93e-1	1.000	0.000	0.000	0.000	0.000	0.984	8
3902	79	0.9719	0.9719	8.65e-1	1.000	0.000	0.000	0.000	0.000	0.972	8
3904	81	0.9889	0.9889	9.87e-1	1.000	0.000	0.000	0.000	0.000	0.989	8
3903	82	0.9828	0.9828	9.74e-1	1.000	0.000	0.000	0.000	0.000	0.983	8
3902	80	0.9900	0.9900	9.91e-1	1.000	0.000	0.000	0.000	0.000	0.996	8
3901	78	0.9416	0.9416	9.20e-1	1.000	0.000	0.000	0.000	0.000	0.942	8
3904	82	0.9900	0.9900	9.91e-1	1.000	0.000	0.000	0.000	0.000	0.997	8
3901	79	0.9842	0.9842	9.75e-1	1.000	0.000	0.000	0.000	0.000	0.984	8
3903	83	0.9900	0.9900	9.90e-1	1.000	0.000	0.000	0.000	0.000	1.017	8
3902	81	0.9585	0.9585	9.40e-1	1.000	0.000	0.000	0.000	0.000	0.959	8
3904	83	0.9875	0.9875	9.81e-1	1.000	0.000	0.000	0.000	0.000	0.988	8
3902	82	0.9830	0.9571	8.70e-1	0.000	0.980	0.000	0.018	0.002	0.983	8
3901	80	0.9834	0.9834	9.76e-1	1.000	0.000	0.000	0.000	0.000	0.983	8
3903	84	0.9729	0.9729	9.95e-1	0.976	0.000	0.000	0.024	0.000	0.973	8
3904	84	0.9786	0.9786	9.84e-1	1.000	0.000	0.000	0.000	0.000	0.979	8
3902	83	0.9900	0.9900	9.87e-1	1.000	0.000	0.000	0.000	0.000	1.009	8
3904	85	0.9790	0.9790	9.75e-1	0.999	0.001	0.000	0.000	0.000	0.979	8
3903	85	0.9797	0.9797	9.68e-1	1.000	0.000	0.000	0.000	0.000	0.980	8
3901	81	0.9604	0.9604	9.54e-1	1.000	0.000	0.000	0.000	0.000	0.960	8
3902	84	0.9885	0.9885	9.95e-1	1.000	0.000	0.000	0.000	0.000	0.989	8
3903	86	0.9834	0.9834	9.62e-1	1.000	0.000	0.000	0.000	0.000	0.983	8
3904	86	0.9788	0.9788	9.79e-1	1.000	0.000	0.000	0.000	0.000	0.979	8
3901	82	0.9504	0.9504	9.43e-1	0.996	0.004	0.000	0.000	0.000	0.950	8
3902	85	0.9870	0.9870	9.83e-1	1.000	0.000	0.000	0.000	0.000	0.987	8
3903	87	0.9827	0.9827	9.73e-1	1.000	0.000	0.000	0.000	0.000	0.983	8
3904	87	0.9721	0.9721	1.01e+0	1.000	0.000	0.000	0.000	0.000	0.972	8
3901	83	0.9879	0.9879	9.85e-1	1.000	0.000	0.000	0.000	0.000	0.988	8
3903	88	0.9900	0.9900	9.76e-1	1.000	0.000	0.000	0.000	0.000	1.007	8
3902	86	0.9617	0.9617	9.90e-1	1.000	0.000	0.000	0.000	0.000	0.962	8
3904	88	0.9708	0.9708	9.63e-1	1.000	0.000	0.000	0.000	0.000	0.971	8
3903	89	0.9900	0.9900	9.87e-1	1.000	0.000	0.000	0.000	0.000	1.004	8
3901	84	0.9803	0.9803	9.75e-1	1.000	0.000	0.000	0.000	0.000	0.980	8
3904	89	0.9816	0.9816	9.81e-1	1.000	0.000	0.000	0.000	0.000	0.982	8
3902	87	0.9706	0.9706	9.78e-1	1.000	0.000	0.000	0.000	0.000	0.971	8
3903	90	0.9900	0.9900	9.90e-1	1.000	0.000	0.000	0.000	0.000	1.003	8
3904	90	0.9802	0.9802	9.79e-1	1.000	0.000	0.000	0.000	0.000	0.980	8
3901	85	0.9900	0.9900	9.90e-1	1.000	0.000	0.000	0.000	0.000	1.003	8
3902	88	0.9451	0.9451	9.20e-1	0.800	0.000	0.000	0.200	0.000	0.945	8
3903	91	0.9772	0.9772	9.71e-1	1.000	0.000	0.000	0.000	0.000	0.977	8
3904	91	1.0030	0.9848	9.83e-1	0.000	0.355	0.217	0.407	0.022	0.985	8
3901	86	0.9817	0.9817	9.76e-1	1.000	0.000	0.000	0.000	0.000	0.982	8
3904	92	0.9723	0.9723	9.69e-1	1.000	0.000	0.000	0.000	0.000	0.972	8
3902	89	0.9533	0.9533	9.52e-1	1.000	0.000	0.000	0.000	0.000	0.953	8
3903	92	0.9770	0.9770	9.72e-1	0.719	0.000	0.007	0.000	0.274	0.977	8
3901	87	0.9900	0.9900	9.90e-1	0.982	0.001	0.000	0.012	0.004	0.998	8
3904	93	0.9599	0.9599	9.54e-1	1.000	0.000	0.000	0.000	0.000	0.960	8
3902	90	0.9636	0.9636	9.46e-1	0.901	0.033	0.000	0.066	0.000	0.964	8
3901	88	0.9900	0.9900	9.90e-1	1.000	0.000	0.000	0.000	0.000	1.023	8
3902	91	0.9352	0.9352	9.16e-1	0.871	0.036	0.000	0.094	0.000	0.935	8
3903	93	0.9817	0.9817	9.78e-1	1.000	0.000	0.000	0.000	0.000	0.982	8
3904	94	0.9587	0.9587	9.56e-1	0.992	0.000	0.000	0.000	0.008	0.959	8
3901	89	0.9865	0.9865	9.82e-1	1.000	0.000	0.000	0.000	0.000	0.987	8
3904	95	0.9385	0.9385	9.30e-1	0.946	0.025	0.016	0.011	0.002	0.939	8
3903	94	0.9900	0.9900	9.87e-1	0.973	0.027	0.000	0.000	0.000	0.990	8
3902	92	0.9900	0.9900	9.78e-1	0.988	0.012	0.000	0.000	0.000	1.046	8
3901	90	0.9900	0.9900	9.90e-1	1.000	0.000	0.000	0.000	0.000	1.005	8
3904	96	0.9190	0.9190	9.08e-1	0.947	0.035	0.017	0.001	0.000	0.919	8
3903	95	0.9843	0.9843	9.72e-1	1.000	0.000	0.000	0.000	0.000	0.984	8
3902	93	0.9401	0.9401	9.36e-1	1.000	0.000	0.000	0.000	0.000	0.940	8
3904	97	0.9900	0.9900	9.83e-1	1.000	0.000	0.000	0.000	0.000	0.998	8
3901	91	0.9900	0.9900	9.90e-1	1.000	0.000	0.000	0.000	0.000	1.018	8
3904	98	0.9813	0.9813	9.80e-1	1.000	0.000	0.000	0.000	0.000	0.981	8
3902	94	0.9471	0.9471	9.32e-1	1.000	0.000	0.000	0.000	0.000	0.947	8
3903	96	0.9745	0.9745	9.73e-1	1.000	0.000	0.000	0.000	0.000	0.975	8
3901	92	0.9853	0.9853	9.78e-1	1.000	0.000	0.000	0.000	0.000	0.985	8
3904	99	0.9900	0.9900	9.90e-1	0.998	0.000	0.002	0.000	0.000	0.998	8
3902	95	0.9900	0.9585	9.32e-1	0.011	0.988	0.000	0.001	0.001	1.046	8
3903	97	0.9673	0.9673	9.85e-1	1.000	0.000	0.000	0.000	0.000	0.967	8
3901	93	0.9487	0.9487	9.27e-1	1.000	0.000	0.000	0.000	0.000	0.949	8
3902	96	0.9568	0.9568	1.01e+0	1.000	0.000	0.000	0.000	0.000	0.957	8
3903	98	0.9648	0.9648	1.00e+0	1.000	0.000	0.000	0.000	0.000	0.965	8
3901	94	0.9691	0.9691	9.65e-1	1.000	0.000	0.000	0.000	0.000	0.969	8
3902	97	0.9697	0.9697	9.66e-1	0.995	0.005	0.000	0.000	0.000	0.970	8
3903	99	0.9557	0.9557	9.36e-1	1.000	0.000	0.000	0.000	0.000	0.956	8
3901	95	0.9859	0.9859	9.79e-1	1.000	0.000	0.000	0.000	0.000	0.986	8
3902	98	0.9900	0.9561	9.50e-1	0.000	0.999	0.000	0.001	0.000	1.137	8
3901	96	0.9517	0.9517	9.31e-1	1.000	0.000	0.000	0.000	0.000	0.952	8
3902	99	0.9513	0.9513	9.34e-1	1.000	0.000	0.000	0.000	0.000	0.951	8
3901	97	0.9484	0.9484	9.28e-1	1.000	0.000	0.000	0.000	0.000	0.948	8
3901	98	0.9654	0.9654	9.58e-1	1.000	0.000	0.000	0.000	0.000	0.965	8
3901	99	0.9661	0.9661	9.61e-1	0.999	0.001	0.000	0.000	0.000	0.966	8
3905	0	0.9900	0.9900	9.88e-1	1.000	0.000	0.000	0.000	0.000	1.011	8
3905	1	0.9900	0.9900	1.02e+0	1.000	0.000	0.000	0.000	0.000	1.001	8
3905	2	0.9900	0.9900	9.72e-1	1.000	0.000	0.000	0.000	0.000	0.992	8
3905	3	0.9900	0.9900	9.90e-1	1.000	0.000	0.000	0.000	0.000	1.007	8
3906	0	0.9786	0.9786	9.43e-1	0.988	0.000	0.000	0.010	0.002	0.979	8
3905	4	0.9909	0.9900	9.90e-1	0.999	0.000	0.000	0.000	0.000	1.016	8
3905	5	0.9752	0.9752	1.15e+0	1.000	0.000	0.000	0.000	0.000	0.975	8
3906	1	0.9900	0.9900	9.91e-1	1.000	0.000	0.000	0.000	0.000	1.012	8
3905	6	0.9721	0.9721	3.16e+0	1.000	0.000	0.000	0.000	0.000	0.972	8
3906	2	0.9708	0.9708	9.40e-1	1.000	0.000	0.000	0.000	0.000	0.971	8
3905	7	0.9579	0.9579	7.59e-1	0.991	0.000	0.009	0.000	0.000	0.958	8
3906	3	0.9745	0.9745	9.76e-1	1.000	0.000	0.000	0.000	0.000	0.974	8
3907	0	0.9900	0.9900	9.56e-1	1.000	0.000	0.000	0.000	0.000	0.991	8
3906	4	0.9803	0.9803	9.64e-1	0.645	0.000	0.000	0.000	0.355	0.980	8
3905	8	0.9693	0.9693	9.80e-1	1.000	0.000	0.000	0.000	0.000	0.969	8
3907	1	0.9900	0.9900	9.87e-1	1.000	0.000	0.000	0.000	0.000	1.009	8
3906	5	0.9900	0.9900	1.15e+0	1.000	0.000	0.000	0.000	0.000	0.991	8
3905	9	0.9728	0.9728	1.00e+0	0.947	0.000	0.053	0.000	0.000	0.973	8
3907	2	0.9358	0.9358	9.04e-1	1.000	0.000	0.000	0.000	0.000	0.936	8
3908	0	0.9627	0.9627	8.22e-1	0.970	0.000	0.030	0.000	0.000	0.963	8
3906	6	0.9690	0.9690	8.97e-1	1.000	0.000	0.000	0.000	0.000	0.969	8
3905	10	0.9900	0.9900	9.87e-1	1.000	0.000	0.000	0.000	0.000	0.998	8
3908	1	0.9538	0.9538	3.05e+0	1.000	0.000	0.000	0.000	0.000	0.954	8
3907	3	0.9267	0.9267	9.02e-1	1.000	0.000	0.000	0.000	0.000	0.927	8
3906	7	0.9610	0.9610	9.55e-1	1.000	0.000	0.000	0.000	0.000	0.961	8
3908	2	0.9725	0.9725	9.42e-1	0.928	0.035	0.038	0.000	0.000	0.972	8
3905	11	0.9670	0.9670	9.75e-1	0.994	0.000	0.006	0.000	0.000	0.967	8
3907	4	0.9606	0.9606	9.56e-1	1.000	0.000	0.000	0.000	0.000	0.961	8
3906	8	0.9900	0.9900	9.85e-1	1.000	0.000	0.000	0.000	0.000	0.996	8
3908	3	0.9618	0.9618	1.06e+0	0.999	0.001	0.000	0.000	0.000	0.962	8
3907	5	0.9765	0.9765	9.79e-1	0.991	0.009	0.000	0.000	0.000	0.976	8
3906	9	0.9612	0.9612	1.06e+0	1.000	0.000	0.000	0.000	0.000	0.961	8
3905	12	0.9500	0.9500	7.70e-1	0.990	0.002	0.008	0.000	0.000	0.950	8
3908	4	0.9857	0.9732	1.18e+0	0.014	0.480	0.022	0.484	0.000	1.232	8
3906	10	0.9883	0.9883	9.84e-1	1.000	0.000	0.000	0.000	0.000	0.988	8
3907	6	0.9633	0.9633	9.57e-1	1.000	0.000	0.000	0.000	0.000	0.963	8
3908	5	0.9646	0.9646	9.69e-1	1.000	0.000	0.000	0.000	0.000	0.965	8
3906	11	0.9900	0.9900	9.61e-1	1.000	0.000	0.000	0.000	0.000	0.990	8
3905	13	0.9384	0.9384	1.04e+0	0.967	0.028	0.005	0.000	0.000	0.938	8
3907	7	0.9535	0.9535	9.39e-1	1.000	0.000	0.000	0.000	0.000	0.954	8
3908	6	0.9543	0.9543	8.84e-1	1.000	0.000	0.000	0.000	0.000	0.954	8
3905	14	0.9829	0.9829	9.65e-1	1.000	0.000	0.000	0.000	0.000	0.983	5
3906	12	0.9964	0.9900	9.80e-1	0.830	0.027	0.009	0.129	0.005	1.009	8
3908	7	0.9515	0.9515	8.87e-1	0.998	0.002	0.000	0.000	0.000	0.952	8
3907	8	0.9900	0.9900	9.72e-1	1.000	0.000	0.000	0.000	0.000	1.022	8
3908	8	0.9530	0.9530	9.31e-1	1.000	0.000	0.000	0.000	0.000	0.953	8
3905	15	0.9729	0.9729	9.68e-1	1.000	0.000	0.000	0.000	0.000	0.973	7
3907	9	0.9900	0.9900	9.71e-1	0.966	0.034	0.000	0.000	0.000	1.016	8
3906	13	0.9438	0.9362	8.56e-1	0.300	0.235	0.119	0.325	0.021	0.936	8
3905	16	0.9795	0.9795	9.57e-1	1.000	0.000	0.000	0.000	0.000	0.980	8
3906	14	0.9835	0.9835	9.62e-1	1.000	0.000	0.000	0.000	0.000	0.984	8
3908	9	0.9885	0.9885	9.77e-1	1.000	0.000	0.000	0.000	0.000	0.988	8
3907	10	0.9914	0.9900	1.01e+0	0.859	0.133	0.001	0.004	0.003	1.025	8
3908	10	0.9900	0.9900	9.64e-1	1.000	0.000	0.000	0.000	0.000	0.999	8
3906	15	0.9788	0.9665	1.01e+0	0.516	0.126	0.000	0.283	0.075	0.966	8
3905	17	0.9722	0.9722	9.54e-1	0.993	0.000	0.007	0.000	0.000	0.972	8
3907	11	0.9900	0.9900	9.42e-1	1.000	0.000	0.000	0.000	0.000	0.990	8
3908	11	0.9618	0.9618	1.04e+0	0.967	0.000	0.033	0.000	0.000	0.962	8
3906	16	0.9900	0.9900	9.96e-1	1.000	0.000	0.000	0.000	0.000	1.028	8
3905	18	0.9423	0.9423	9.66e-1	1.000	0.000	0.000	0.000	0.000	0.942	8
3908	12	0.9554	0.9554	8.16e-1	1.000	0.000	0.000	0.000	0.000	0.955	8
3907	12	0.9547	0.9547	1.47e+0	0.166	0.833	0.000	0.001	0.000	0.955	8
3906	17	0.9900	0.9900	9.61e-1	0.999	0.000	0.000	0.001	0.000	1.015	8
3908	13	0.9813	0.9813	9.68e-1	1.000	0.000	0.000	0.000	0.000	0.981	8
3905	19	0.9697	0.9697	9.46e-1	1.000	0.000	0.000	0.000	0.000	0.970	8
3907	13	0.9406	0.9406	1.14e+0	0.142	0.856	0.002	0.000	0.000	0.941	8
3906	18	0.9900	0.9900	9.78e-1	1.000	0.000	0.000	0.000	0.000	1.006	8
3908	14	0.9900	0.9900	9.89e-1	1.000	0.000	0.000	0.000	0.000	1.050	8
3906	19	0.9900	0.9900	9.95e-1	1.000	0.000	0.000	0.000	0.000	1.001	8
3905	20	0.9505	0.9505	9.55e-1	1.000	0.000	0.000	0.000	0.000	0.950	8
3907	14	0.9685	0.9685	1.14e+0	0.137	0.863	0.000	0.000	0.000	0.968	8
3908	15	0.9786	0.9786	9.61e-1	1.000	0.000	0.000	0.000	0.000	0.979	8
3906	20	0.9696	0.9696	9.60e-1	0.978	0.001	0.000	0.020	0.000	0.970	8
3907	15	0.9600	0.9600	9.94e-1	1.000	0.000	0.000	0.000	0.000	0.960	8
3908	16	0.9525	0.9525	9.44e-1	1.000	0.000	0.000	0.000	0.000	0.953	8
3906	21	0.9539	0.9539	8.62e-1	0.946	0.008	0.000	0.047	0.000	0.954	8
3905	21	0.9820	0.9820	9.72e-1	1.000	0.000	0.000	0.000	0.000	0.982	8
3908	17	0.9716	0.9716	9.85e-1	1.000	0.000	0.000	0.000	0.000	0.972	8
3905	22	0.9706	0.9706	9.36e-1	0.975	0.022	0.002	0.001	0.000	0.971	8
3906	22	0.9567	0.9567	9.53e-1	1.000	0.000	0.000	0.000	0.000	0.957	8
3907	16	0.9572	0.9572	9.37e-1	0.332	0.666	0.002	0.000	0.000	0.957	8
3908	18	0.9638	0.9630	8.87e-1	0.996	0.004	0.000	0.000	0.000	0.963	8
3906	23	0.9674	0.9674	9.63e-1	0.988	0.000	0.000	0.000	0.012	0.967	8
3907	17	0.9900	0.9900	1.00e+0	1.000	0.000	0.000	0.000	0.000	1.008	8
3905	23	0.9897	0.9897	9.86e-1	0.999	0.000	0.000	0.000	0.000	0.990	8
3908	19	0.9623	0.9623	9.44e-1	1.000	0.000	0.000	0.000	0.000	0.962	8
3906	24	0.9900	0.9900	1.02e+0	1.000	0.000	0.000	0.000	0.000	1.017	8
3907	18	0.9727	0.9727	9.33e-1	0.999	0.001	0.000	0.000	0.000	0.973	8
3908	20	0.9900	0.9900	9.85e-1	1.000	0.000	0.000	0.000	0.000	1.110	8
3905	24	0.9836	0.9836	9.50e-1	1.000	0.000	0.000	0.000	0.000	0.984	8
3906	25	0.9423	0.9423	9.39e-1	1.000	0.000	0.000	0.000	0.000	0.942	8
3907	19	0.9738	0.9738	9.79e-1	1.000	0.000	0.000	0.000	0.000	0.974	8
3908	21	0.9900	0.9627	9.70e-1	0.000	0.999	0.000	0.001	0.000	1.378	8
3906	26	0.9900	0.9900	1.01e+0	1.000	0.000	0.000	0.000	0.000	0.990	8
3905	25	0.9677	0.9677	1.37e+0	1.000	0.000	0.000	0.000	0.000	0.968	8
3908	22	0.9525	0.9525	9.10e-1	1.000	0.000	0.000	0.000	0.000	0.952	8
3907	20	0.9739	0.9739	9.50e-1	1.000	0.000	0.000	0.000	0.000	0.974	8
3906	27	0.9173	0.9173	8.58e-1	1.000	0.000	0.000	0.000	0.000	0.917	8
3908	23	0.9425	0.9425	9.02e-1	1.000	0.000	0.000	0.000	0.000	0.943	8
3905	26	0.9517	0.9517	1.01e+0	1.000	0.000	0.000	0.000	0.000	0.952	8
3907	21	0.9593	0.9593	9.21e-1	0.350	0.647	0.003	0.000	0.000	0.959	8
3908	24	0.9760	0.9760	9.68e-1	0.659	0.000	0.000	0.341	0.000	0.976	8
3906	28	0.8934	0.8934	8.67e-1	1.000	0.000	0.000	0.000	0.000	0.893	8
3905	27	0.9634	0.9634	9.49e-1	1.000	0.000	0.000	0.000	0.000	0.963	8
3907	22	0.9506	0.9506	9.30e-1	0.134	0.865	0.001	0.000	0.000	0.951	8
3908	25	0.9900	0.9900	1.01e+0	1.000	0.000	0.000	0.000	0.000	1.012	8
3906	29	0.8982	0.8982	8.80e-1	1.000	0.000	0.000	0.000	0.000	0.898	8
3908	26	0.9900	0.9900	9.91e-1	0.000	0.000	0.000	1.000	0.000	1.090	8
3907	23	0.9900	0.9900	9.80e-1	1.000	0.000	0.000	0.000	0.000	0.995	8
3905	28	0.9576	0.9576	9.41e-1	1.000	0.000	0.000	0.000	0.000	0.958	8
3908	27	0.9900	0.9900	9.98e-1	1.000	0.000	0.000	0.000	0.000	1.004	8
3906	30	0.9683	0.9683	9.32e-1	1.000	0.000	0.000	0.000	0.000	0.968	8
3907	24	0.9526	0.9526	1.04e+0	1.000	0.000	0.000	0.000	0.000	0.953	8
3908	28	0.9900	0.9841	1.11e+0	0.000	0.000	0.000	1.000	0.000	1.509	8
3905	29	0.9646	0.9646	9.71e-1	0.984	0.010	0.000	0.006	0.000	0.965	8
3906	31	0.9900	0.9900	9.83e-1	1.000	0.000	0.000	0.000	0.000	0.993	8
3908	29	0.9807	0.9807	1.42e+0	1.000	0.000	0.000	0.000	0.000	0.981	8
3907	25	0.9697	0.9697	9.49e-1	1.000	0.000	0.000	0.000	0.000	0.970	8
3906	32	1.1642	0.9900	9.84e-1	0.000	0.296	0.704	0.000	0.000	1.106	8
3905	30	0.9822	0.9822	9.76e-1	1.000	0.000	0.000	0.000	0.000	0.982	8
3908	30	0.9900	0.9900	1.03e+0	0.973	0.000	0.000	0.000	0.027	0.995	8
3907	26	0.9900	0.9900	8.93e-1	1.000	0.000	0.000	0.000	0.000	1.001	8
3906	33	0.9608	0.9608	9.86e-1	0.621	0.000	0.379	0.000	0.000	0.961	8
3905	31	0.9901	0.9900	9.87e-1	1.000	0.000	0.000	0.000	0.000	1.016	8
3907	27	0.9689	0.9689	9.10e-1	1.000	0.000	0.000	0.000	0.000	0.969	8
3906	34	0.9158	0.9158	8.90e-1	0.295	0.000	0.391	0.314	0.000	0.916	8
3908	31	0.9900	0.9900	9.92e-1	1.000	0.000	0.000	0.000	0.000	0.991	8
3908	32	0.9742	0.9742	9.23e-1	1.000	0.000	0.000	0.000	0.000	0.974	8
3907	28	0.9900	0.9900	1.00e+0	1.000	0.000	0.000	0.000	0.000	1.012	8
3906	35	0.9651	0.9651	1.00e+0	1.000	0.000	0.000	0.000	0.000	0.965	8
3905	32	0.9820	0.9820	9.51e-1	1.000	0.000	0.000	0.000	0.000	0.982	8
3908	33	0.9490	0.9490	9.69e-1	1.000	0.000	0.000	0.000	0.000	0.949	8
3907	29	0.9900	0.9900	9.91e-1	1.000	0.000	0.000	0.000	0.000	1.030	8
3906	36	0.9417	0.9417	8.61e-1	0.716	0.000	0.283	0.000	0.000	0.942	8
3905	33	0.9682	0.9682	9.35e-1	1.000	0.000	0.000	0.000	0.000	0.968	8
3906	37	0.9508	0.9508	9.55e-1	0.743	0.000	0.257	0.000	0.000	0.951	8
3908	34	0.9900	0.9900	9.87e-1	1.000	0.000	0.000	0.000	0.000	0.998	8
3907	30	0.9900	0.9900	9.93e-1	1.000	0.000	0.000	0.000	0.000	1.010	8
3908	35	0.9900	0.9900	9.93e-1	1.000	0.000	0.000	0.000	0.000	0.993	8
3905	34	0.9900	0.9479	9.48e-1	0.000	0.000	0.000	0.000	1.000	1.005	8
3907	31	0.9887	0.9887	9.70e-1	0.990	0.010	0.000	0.000	0.000	0.989	8
3906	38	0.9900	0.9524	9.52e-1	0.002	0.916	0.069	0.012	0.001	1.053	8
3908	36	0.9701	0.9701	8.54e-1	1.000	0.000	0.000	0.000	0.000	0.970	8
3905	35	0.9800	0.9800	9.85e-1	1.000	0.000	0.000	0.000	0.000	0.980	8
3906	39	0.9550	0.9550	9.19e-1	1.000	0.000	0.000	0.000	0.000	0.955	8
3907	32	0.9863	0.9863	9.73e-1	1.000	0.000	0.000	0.000	0.000	0.986	8
3908	37	0.9759	0.9759	9.52e-1	1.000	0.000	0.000	0.000	0.000	0.976	8
3905	36	0.9740	0.9740	9.48e-1	1.000	0.000	0.000	0.000	0.000	0.974	8
3908	38	0.9900	0.9692	7.22e-1	0.000	1.000	0.000	0.000	0.000	1.889	8
3906	40	0.9900	0.9900	9.78e-1	1.000	0.000	0.000	0.000	0.000	0.997	8
3907	33	0.9795	0.9795	9.58e-1	1.000	0.000	0.000	0.000	0.000	0.980	8
3905	37	0.9843	0.9843	9.43e-1	1.000	0.000	0.000	0.000	0.000	0.984	8
3907	34	0.9565	0.9565	9.68e-1	1.000	0.000	0.000	0.000	0.000	0.957	8
3908	39	0.9900	0.9624	8.78e-1	0.000	0.000	0.000	1.000	0.000	1.004	8
3906	41	0.9711	0.9711	9.20e-1	1.000	0.000	0.000	0.000	0.000	0.971	8
3905	38	0.9798	0.9798	9.77e-1	1.000	0.000	0.000	0.000	0.000	0.980	8
3908	40	0.9557	0.9557	9.15e-1	0.805	0.000	0.195	0.000	0.000	0.956	8
3907	35	0.9607	0.9563	9.28e-1	0.000	1.000	0.000	0.000	0.000	0.961	8
3906	42	0.9900	0.9900	9.90e-1	0.965	0.008	0.002	0.000	0.025	1.016	8
3908	41	0.9652	0.9652	9.65e-1	1.000	0.000	0.000	0.000	0.000	0.965	8
3906	43	0.9060	0.9060	8.48e-1	1.000	0.000	0.000	0.000	0.000	0.906	8
3905	39	0.9736	0.9736	9.47e-1	1.000	0.000	0.000	0.000	0.000	0.974	8
3907	36	0.9574	0.9574	8.37e-1	1.000	0.000	0.000	0.000	0.000	0.957	8
3908	42	0.9831	0.9831	9.76e-1	1.000	0.000	0.000	0.000	0.000	0.983	8
3906	44	0.8880	0.8880	8.42e-1	1.000	0.000	0.000	0.000	0.000	0.888	8
3905	40	0.9890	0.9890	1.03e+0	0.992	0.006	0.000	0.003	0.000	0.989	8
3907	37	1.0413	0.9900	1.23e+0	0.022	0.645	0.031	0.274	0.028	0.999	8
3908	43	0.9697	0.9697	9.73e-1	1.000	0.000	0.000	0.000	0.000	0.970	8
3906	45	0.8978	0.8978	8.78e-1	1.000	0.000	0.000	0.000	0.000	0.898	8
3905	41	0.9900	0.9900	9.45e-1	1.000	0.000	0.000	0.000	0.000	0.991	8
3908	44	0.9614	0.9614	7.28e-1	1.000	0.000	0.000	0.000	0.000	0.961	8
3907	38	1.0335	0.9595	9.12e-1	0.006	0.660	0.013	0.254	0.066	0.960	8
3906	46	0.9126	0.9126	9.23e-1	1.000	0.000	0.000	0.000	0.000	0.913	8
3908	45	0.9447	0.9447	9.10e-1	1.000	0.000	0.000	0.000	0.000	0.945	8
3905	42	0.9856	0.9856	1.01e+0	1.000	0.000	0.000	0.000	0.000	0.986	8
3906	47	0.9900	0.9900	9.97e-1	1.000	0.000	0.000	0.000	0.000	1.005	8
3907	39	0.9554	0.9554	9.37e-1	1.000	0.000	0.000	0.000	0.000	0.955	8
3908	46	0.9468	0.9468	9.48e-1	1.000	0.000	0.000	0.000	0.000	0.947	8
3905	43	0.9734	0.9734	9.71e-1	1.000	0.000	0.000	0.000	0.000	0.973	8
3908	47	0.9349	0.9349	9.98e-1	0.380	0.000	0.000	0.620	0.000	0.935	8
3906	48	0.9404	0.9404	8.73e-1	1.000	0.000	0.000	0.000	0.000	0.940	8
3907	40	0.9900	0.9900	1.00e+0	0.999	0.000	0.001	0.000	0.000	1.000	8
3905	44	0.9661	0.9661	9.66e-1	1.000	0.000	0.000	0.000	0.000	0.966	8
3908	48	0.9205	0.9205	9.16e-1	1.000	0.000	0.000	0.000	0.000	0.920	8
3906	49	0.9522	0.9522	9.48e-1	0.997	0.002	0.001	0.001	0.000	0.952	8
3907	41	0.9818	0.9818	9.71e-1	1.000	0.000	0.000	0.000	0.000	0.982	8
3908	49	0.9232	0.9232	9.08e-1	0.670	0.000	0.000	0.000	0.330	0.923	8
3906	50	0.9597	0.9597	1.01e+0	0.998	0.002	0.000	0.001	0.000	0.960	8
3908	50	0.9900	0.9900	9.66e-1	1.000	0.000	0.000	0.000	0.000	0.994	8
3905	45	0.9900	0.9859	9.72e-1	0.000	1.000	0.000	0.000	0.000	1.043	8
3907	42	0.9808	0.9811	9.67e-1	0.991	0.002	0.007	0.000	0.000	0.981	8
3906	51	0.9900	0.9900	9.98e-1	1.000	0.000	0.000	0.000	0.000	0.998	8
3905	46	0.9788	0.9788	9.40e-1	1.000	0.000	0.000	0.000	0.000	0.979	8
3908	51	0.9767	0.9767	9.53e-1	1.000	0.000	0.000	0.000	0.000	0.977	8
3907	43	0.9669	0.9669	8.83e-1	0.951	0.000	0.000	0.000	0.049	0.967	8
3905	47	0.9900	0.9900	9.82e-1	1.000	0.000	0.000	0.000	0.000	1.016	8
3906	52	0.9303	0.9303	9.48e-1	0.999	0.000	0.000	0.000	0.000	0.930	8
3908	52	0.9632	0.9632	9.96e-1	1.000	0.000	0.000	0.000	0.000	0.963	8
3906	53	0.9900	0.9900	9.93e-1	1.000	0.000	0.000	0.000	0.000	1.014	8
3905	48	0.9905	0.9905	1.00e+0	0.920	0.000	0.000	0.080	0.000	1.006	8
3907	44	0.9900	0.9753	9.74e-1	0.000	1.000	0.000	0.000	0.000	1.017	8
3908	53	0.9580	0.9580	9.50e-1	1.000	0.000	0.000	0.000	0.000	0.958	8
3906	54	0.9794	0.9794	9.67e-1	1.000	0.000	0.000	0.000	0.000	0.979	8
3908	54	0.9870	0.9870	9.75e-1	1.000	0.000	0.000	0.000	0.000	0.987	8
3905	49	0.9759	0.9759	9.73e-1	1.000	0.000	0.000	0.000	0.000	0.976	8
3907	45	0.9900	0.9900	9.47e-1	1.000	0.000	0.000	0.000	0.000	1.007	8
3906	55	0.9069	0.9069	7.12e-1	1.000	0.000	0.000	0.000	0.000	0.907	8
3908	55	0.9610	0.9610	8.28e-1	0.995	0.000	0.005	0.000	0.000	0.961	8
3905	50	0.9474	0.9474	8.74e-1	1.000	0.000	0.000	0.000	0.000	0.947	8
3907	46	0.9900	0.9900	1.00e+0	1.000	0.000	0.000	0.000	0.000	1.004	8
3906	56	0.9900	0.9520	1.42e+0	0.000	1.000	0.000	0.000	0.000	1.161	8
3908	56	0.9548	0.9548	8.80e-1	1.000	0.000	0.000	0.000	0.000	0.955	8
3906	57	0.9798	0.9799	9.82e-1	0.998	0.002	0.000	0.000	0.000	0.980	8
3907	47	0.9708	0.9708	9.70e-1	0.992	0.000	0.008	0.000	0.000	0.971	8
3905	51	0.9534	0.9534	9.57e-1	0.992	0.005	0.000	0.003	0.000	0.953	8
3908	57	0.9484	0.9484	8.72e-1	1.000	0.000	0.000	0.000	0.000	0.948	8
3907	48	0.9500	0.9500	8.07e-1	0.908	0.090	0.002	0.000	0.000	0.950	8
3906	58	0.9900	0.9196	9.14e-1	0.000	1.000	0.000	0.000	0.000	1.115	8
3908	58	0.9536	0.9536	9.36e-1	1.000	0.000	0.000	0.000	0.000	0.954	8
3905	52	0.9762	0.9762	9.79e-1	0.995	0.001	0.000	0.004	0.000	0.971	8
3907	49	0.9900	0.9900	9.81e-1	1.000	0.000	0.000	0.000	0.000	1.013	8
3906	59	0.9822	0.9822	8.87e-1	1.000	0.000	0.000	0.000	0.000	0.982	8
3905	53	0.9578	0.9578	9.65e-1	0.992	0.000	0.000	0.008	0.000	0.953	8
3908	59	0.9900	0.9900	9.82e-1	1.000	0.000	0.000	0.000	0.000	0.994	8
3906	60	0.9417	0.9417	9.04e-1	1.000	0.000	0.000	0.000	0.000	0.942	8
3908	60	0.9717	0.9717	9.55e-1	1.000	0.000	0.000	0.000	0.000	0.972	8
3905	54	0.9739	0.9739	9.94e-1	1.000	0.000	0.000	0.000	0.000	0.974	8
3907	50	0.9535	0.9535	9.49e-1	1.000	0.000	0.000	0.000	0.000	0.953	8
3906	61	0.9635	0.9635	9.50e-1	1.000	0.000	0.000	0.000	0.000	0.963	8
3908	61	0.9457	0.9457	9.72e-1	1.000	0.000	0.000	0.000	0.000	0.946	8
3906	62	0.9641	0.9641	9.57e-1	1.000	0.000	0.000	0.000	0.000	0.964	8
3907	51	0.9228	0.9228	8.96e-1	1.000	0.000	0.000	0.000	0.000	0.923	8
3905	55	0.9629	0.9623	9.48e-1	0.943	0.005	0.000	0.049	0.003	0.962	8
3908	62	0.9900	0.9900	9.86e-1	1.000	0.000	0.000	0.000	0.000	0.996	8
3906	63	0.9378	0.9378	9.01e-1	1.000	0.000	0.000	0.000	0.000	0.938	8
3907	52	0.8803	0.8803	9.47e-1	1.000	0.000	0.000	0.000	0.000	0.880	8
3908	63	0.9691	0.9691	1.27e+0	1.000	0.000	0.000	0.000	0.000	0.969	8
3905	56	0.9900	0.9900	9.82e-1	1.000	0.000	0.000	0.000	0.000	0.999	8
3906	64	0.9698	0.9698	8.53e-1	1.000	0.000	0.000	0.000	0.000	0.970	8
3908	64	0.9900	0.9890	9.67e-1	0.000	1.000	0.000	0.000	0.000	2.903	8
3907	53	0.8938	0.8938	1.08e+0	0.998	0.000	0.002	0.000	0.000	0.894	8
3905	57	0.9817	0.9817	9.94e-1	1.000	0.000	0.000	0.000	0.000	0.982	8
3906	65	0.9777	0.9777	1.01e+0	1.000	0.000	0.000	0.000	0.000	0.978	8
3908	65	0.9768	0.9768	1.00e+0	0.768	0.000	0.000	0.232	0.000	0.977	8
3906	66	0.9389	0.9389	5.70e-1	1.000	0.000	0.000	0.000	0.000	0.939	8
3907	54	0.9900	0.9900	9.90e-1	0.995	0.000	0.005	0.000	0.000	1.018	8
3905	58	0.9900	0.9900	9.87e-1	0.975	0.024	0.000	0.000	0.001	1.005	8
3908	66	0.9805	0.9805	9.43e-1	0.996	0.000	0.004	0.000	0.000	0.980	8
3905	59	0.9900	0.9900	9.84e-1	1.000	0.000	0.000	0.000	0.000	0.994	8
3906	67	0.8642	0.8642	8.29e-1	1.000	0.000	0.000	0.000	0.000	0.864	8
3907	55	0.9397	0.9397	9.46e-1	1.000	0.000	0.000	0.000	0.000	0.940	8
3908	67	0.9683	0.9683	9.63e-1	1.000	0.000	0.000	0.000	0.000	0.968	8
3906	68	0.9763	0.9763	9.66e-1	1.000	0.000	0.000	0.000	0.000	0.976	8
3905	60	0.9900	0.9900	9.88e-1	0.997	0.003	0.000	0.000	0.000	0.999	8
3907	56	0.7964	0.7964	1.04e+0	1.000	0.000	0.000	0.000	0.000	0.796	8
3906	69	0.9125	0.9125	8.81e-1	1.000	0.000	0.000	0.000	0.000	0.912	8
3908	68	0.9900	0.9900	9.87e-1	1.000	0.000	0.000	0.000	0.000	1.000	8
3905	61	0.9900	0.9900	9.89e-1	1.000	0.000	0.000	0.000	0.000	1.014	8
3906	70	0.9900	0.9900	9.83e-1	1.000	0.000	0.000	0.000	0.000	1.005	8
3908	69	0.9757	0.9757	9.66e-1	1.000	0.000	0.000	0.000	0.000	0.976	8
3907	57	0.9516	0.9516	9.78e-1	1.000	0.000	0.000	0.000	0.000	0.952	8
3905	62	0.9913	0.9900	9.95e-1	0.878	0.000	0.000	0.122	0.000	1.000	8
3908	70	0.9848	0.9848	9.96e-1	1.000	0.000	0.000	0.000	0.000	0.985	8
3906	71	0.9513	0.9513	1.74e+0	1.000	0.000	0.000	0.000	0.000	0.951	8
3905	63	0.9703	0.9703	9.27e-1	1.000	0.000	0.000	0.000	0.000	0.970	8
3908	71	0.9787	0.9787	1.65e+0	1.000	0.000	0.000	0.000	0.000	0.979	8
3907	58	0.9900	0.9900	1.01e+0	1.000	0.000	0.000	0.000	0.000	1.018	8
3905	64	0.9711	0.9711	9.61e-1	0.679	0.321	0.000	0.000	0.000	0.971	8
3908	72	0.9900	0.9900	9.86e-1	1.000	0.000	0.000	0.000	0.000	1.197	8
3906	72	0.9548	0.9548	1.09e+0	1.000	0.000	0.000	0.000	0.000	0.955	8
3907	59	0.9639	0.9639	9.32e-1	1.000	0.000	0.000	0.000	0.000	0.964	8
3908	73	0.9888	0.9888	9.83e-1	0.999	0.001	0.000	0.000	0.000	0.989	8
3906	73	0.9900	0.9900	9.87e-1	1.000	0.000	0.000	0.000	0.000	1.003	8
3905	65	0.9663	0.9663	9.64e-1	0.778	0.193	0.004	0.026	0.000	0.966	8
3907	60	0.9724	0.9724	9.50e-1	1.000	0.000	0.000	0.000	0.000	0.972	8
3908	74	0.9881	0.9881	1.03e+0	1.000	0.000	0.000	0.000	0.000	0.988	8
3906	74	0.9900	0.9900	1.05e+0	1.000	0.000	0.000	0.000	0.000	1.027	8
3905	66	0.9846	0.9846	9.65e-1	1.000	0.000	0.000	0.000	0.000	0.985	8
3907	61	0.9507	0.9507	9.31e-1	0.989	0.002	0.001	0.007	0.002	0.951	8
3906	75	0.9900	0.9900	1.02e+0	1.000	0.000	0.000	0.000	0.000	1.025	8
3908	75	0.9748	0.9748	1.06e+0	1.000	0.000	0.000	0.000	0.000	0.975	8
3905	67	0.9769	0.9769	9.62e-1	1.000	0.000	0.000	0.000	0.000	0.977	8
3908	76	0.9688	0.9688	9.29e-1	1.000	0.000	0.000	0.000	0.000	0.969	8
3907	62	0.9730	0.9730	2.84e+0	1.000	0.000	0.000	0.000	0.000	0.973	8
3906	76	0.9845	0.9218	9.76e-1	0.822	0.144	0.034	0.000	0.000	0.985	8
3908	77	0.9900	0.9900	9.89e-1	0.998	0.002	0.000	0.000	0.000	0.991	8
3906	77	0.9301	0.9301	9.04e-1	1.000	0.000	0.000	0.000	0.000	0.930	8
3907	63	0.9690	0.9690	1.16e+0	1.000	0.000	0.000	0.000	0.000	0.969	8
3905	68	0.9927	0.9900	1.00e+0	0.953	0.000	0.000	0.047	0.000	1.002	8
3907	64	1.0067	0.9900	9.53e-1	0.303	0.200	0.017	0.225	0.255	1.044	8
3905	69	0.9574	0.9574	9.90e-1	1.000	0.000	0.000	0.000	0.000	0.957	8
3908	78	0.9766	0.9766	9.34e-1	0.434	0.000	0.000	0.566	0.000	0.977	8
3906	78	0.9546	0.9546	9.87e-1	1.000	0.000	0.000	0.000	0.000	0.955	8
3907	65	0.9833	0.9833	1.02e+0	1.000	0.000	0.000	0.000	0.000	0.983	8
3906	79	0.9900	0.9900	1.02e+0	0.996	0.001	0.000	0.001	0.003	1.008	8
3908	79	0.9900	0.9900	9.89e-1	1.000	0.000	0.000	0.000	0.000	0.996	8
3905	70	0.9582	0.9582	9.56e-1	1.000	0.000	0.000	0.000	0.000	0.958	8
3908	80	0.9879	0.9879	9.77e-1	0.562	0.434	0.003	0.000	0.000	0.988	8
3906	80	0.9900	0.9900	9.92e-1	1.000	0.000	0.000	0.000	0.000	1.033	8
3907	66	0.9900	0.9900	9.86e-1	1.000	0.000	0.000	0.000	0.000	1.059	8
3908	81	0.9884	0.9884	9.83e-1	0.865	0.101	0.000	0.000	0.034	0.988	8
3905	71	0.9778	0.9778	9.87e-1	0.970	0.001	0.000	0.029	0.000	0.978	8
3908	82	0.9900	0.9900	9.90e-1	1.000	0.000	0.000	0.000	0.000	0.994	8
3906	81	0.9900	0.9900	1.01e+0	1.000	0.000	0.000	0.000	0.000	0.993	8
3907	67	0.9900	0.9900	3.09e+0	1.000	0.000	0.000	0.000	0.000	1.036	8
3905	72	0.9730	0.9728	9.60e-1	0.998	0.002	0.000	0.000	0.000	0.973	8
3908	83	0.9829	0.9829	9.74e-1	1.000	0.000	0.000	0.000	0.000	0.983	8
3906	82	0.9494	0.9494	7.90e-1	1.000	0.000	0.000	0.000	0.000	0.949	8
3907	68	0.9900	0.9900	9.58e-1	1.000	0.000	0.000	0.000	0.000	0.997	8
3908	84	0.9594	0.9594	9.16e-1	0.094	0.001	0.000	0.000	0.906	0.959	8
3905	73	0.9651	0.9651	9.10e-1	1.000	0.000	0.000	0.000	0.000	0.965	8
3906	83	0.9900	0.9900	9.96e-1	1.000	0.000	0.000	0.000	0.000	1.022	8
3907	69	0.9900	0.9900	9.78e-1	1.000	0.000	0.000	0.000	0.000	1.021	8
3908	85	0.9649	0.9649	9.72e-1	0.928	0.000	0.000	0.000	0.071	0.965	8
3905	74	0.9826	0.9826	9.77e-1	1.000	0.000	0.000	0.000	0.000	0.983	8
3906	84	0.9900	0.9900	9.40e-1	1.000	0.000	0.000	0.000	0.000	1.036	8
3908	86	0.9665	0.9665	9.09e-1	1.000	0.000	0.000	0.000	0.000	0.967	8
3905	75	0.9723	0.9723	9.43e-1	1.000	0.000	0.000	0.000	0.000	0.972	8
3907	70	0.9244	0.9244	9.84e-1	1.000	0.000	0.000	0.000	0.000	0.924	8
3906	85	0.9817	0.9817	9.34e-1	1.000	0.000	0.000	0.000	0.000	0.982	8
3908	87	0.9544	0.9544	8.23e-1	0.933	0.067	0.000	0.000	0.000	0.954	8
3907	71	0.9900	0.9900	9.53e-1	1.000	0.000	0.000	0.000	0.000	1.015	8
3908	88	0.9641	0.9641	9.75e-1	1.000	0.000	0.000	0.000	0.000	0.964	8
3906	86	0.9390	0.9390	8.38e-1	1.000	0.000	0.000	0.000	0.000	0.939	8
3905	76	0.9412	0.9412	9.60e-1	0.968	0.000	0.000	0.032	0.000	0.941	8
3908	89	0.9589	0.9589	9.18e-1	0.999	0.000	0.000	0.000	0.000	0.959	8
3907	72	0.9577	0.9577	1.07e+0	1.000	0.000	0.000	0.000	0.000	0.958	8
3906	87	0.9818	0.9818	9.76e-1	1.000	0.000	0.000	0.000	0.000	0.982	8
3905	77	0.9364	0.9363	8.95e-1	0.985	0.001	0.000	0.013	0.001	0.936	8
3908	90	0.9900	0.9900	9.80e-1	1.000	0.000	0.000	0.000	0.000	0.999	8
3906	88	0.9468	0.9468	9.99e-1	1.000	0.000	0.000	0.000	0.000	0.947	8
3907	73	0.9367	0.9367	9.22e-1	1.000	0.000	0.000	0.000	0.000	0.937	8
3908	91	0.9900	0.9900	9.90e-1	1.000	0.000	0.000	0.000	0.000	0.998	8
3906	89	0.9515	0.9515	9.20e-1	0.523	0.000	0.000	0.477	0.000	0.951	8
3905	78	0.9636	0.9636	9.41e-1	1.000	0.000	0.000	0.000	0.000	0.964	8
3908	92	0.9817	0.9817	9.49e-1	1.000	0.000	0.000	0.000	0.000	0.982	8
3906	90	0.9900	0.9900	1.00e+0	1.000	0.000	0.000	0.000	0.000	1.017	8
3907	74	0.8615	0.8367	1.41e+0	0.000	0.440	0.035	0.489	0.035	0.861	8
3905	79	0.9688	0.9688	1.11e+0	0.993	0.005	0.000	0.002	0.000	0.969	8
3906	91	0.8969	0.8969	8.30e-1	1.000	0.000	0.000	0.000	0.000	0.897	8
3908	93	0.9681	0.9681	9.20e-1	0.990	0.000	0.000	0.010	0.000	0.968	8
3907	75	0.9848	0.9848	9.60e-1	1.000	0.000	0.000	0.000	0.000	0.985	8
3905	80	0.9554	0.9554	9.85e-1	1.000	0.000	0.000	0.000	0.000	0.955	8
3906	92	0.8584	0.8584	8.41e-1	0.995	0.000	0.005	0.000	0.000	0.858	8
3908	94	0.9819	0.9819	9.92e-1	0.990	0.000	0.000	0.010	0.000	0.982	8
3907	76	0.9900	0.9406	9.22e-1	0.001	0.999	0.000	0.000	0.000	1.004	8
3905	81	0.9457	0.9457	9.10e-1	1.000	0.000	0.000	0.000	0.000	0.946	8
3908	95	0.9912	0.9900	9.77e-1	0.994	0.003	0.000	0.003	0.000	1.006	8
3906	93	0.8657	0.8657	8.00e-1	0.569	0.000	0.004	0.000	0.427	0.866	8
3907	77	0.9489	0.9489	9.07e-1	0.981	0.000	0.019	0.000	0.000	0.949	8
3905	82	0.9900	0.9900	9.55e-1	0.999	0.001	0.000	0.000	0.000	0.990	8
3906	94	0.9310	0.8447	7.21e+0	0.000	1.000	0.000	0.000	0.000	0.931	8
3908	96	0.9900	0.9900	9.78e-1	1.000	0.000	0.000	0.000	0.000	1.000	8
3906	95	0.9400	0.9400	1.75e+0	1.000	0.000	0.000	0.000	0.000	0.940	8
3908	97	0.9900	0.9900	1.05e+0	0.823	0.177	0.000	0.000	0.000	0.991	8
3907	78	0.9840	0.9840	9.22e-1	0.995	0.001	0.000	0.004	0.000	0.984	8
3905	83	0.9758	0.9758	1.03e+0	0.900	0.000	0.000	0.000	0.100	0.976	8
3908	98	0.9862	0.9862	9.73e-1	1.000	0.000	0.000	0.000	0.000	0.986	8
3906	96	0.9261	0.9261	9.87e-1	1.000	0.000	0.000	0.000	0.000	0.926	8
3907	79	0.9900	0.9900	9.02e-1	1.000	0.000	0.000	0.000	0.000	0.990	8
3908	99	0.9837	0.9837	1.02e+0	1.000	0.000	0.000	0.000	0.000	0.984	8
3906	97	0.9431	0.9431	9.27e-1	0.892	0.000	0.000	0.108	0.000	0.943	8
3905	84	0.9427	0.9427	9.23e-1	1.000	0.000	0.000	0.000	0.000	0.943	8
3906	98	0.9382	0.9382	8.78e-1	1.000	0.000	0.000	0.000	0.000	0.938	8
3907	80	0.8950	0.8950	8.46e-1	1.000	0.000	0.000	0.000	0.000	0.895	8
3905	85	0.9900	0.9900	9.94e-1	0.998	0.002	0.000	0.000	0.000	0.993	8
3906	99	0.9670	0.9670	9.36e-1	1.000	0.000	0.000	0.000	0.000	0.967	8
3905	86	0.9754	0.9754	9.75e-1	1.000	0.000	0.000	0.000	0.000	0.975	8
3907	81	0.9900	0.9900	9.98e-1	0.992	0.000	0.000	0.000	0.008	1.004	8
3905	87	0.9900	0.9900	9.79e-1	1.000	0.000	0.000	0.000	0.000	0.991	8
3905	88	0.9900	0.9900	9.95e-1	0.997	0.000	0.000	0.000	0.003	1.015	8
3907	82	0.9598	0.9598	8.46e-1	0.972	0.000	0.000	0.000	0.028	0.960	8
3905	89	0.9658	0.9658	1.04e+0	1.000	0.000	0.000	0.000	0.000	0.966	5
3907	83	0.9186	0.9186	8.94e-1	1.000	0.000	0.000	0.000	0.000	0.919	8
3905	90	0.9900	0.9605	9.73e-1	0.000	1.000	0.000	0.000	0.000	1.343	7
3907	84	0.8197	0.8197	7.71e-1	1.000	0.000	0.000	0.000	0.000	0.820	8
3905	91	0.9436	0.9436	8.33e-1	1.000	0.000	0.000	0.000	0.000	0.944	8
3907	85	0.8544	0.8544	8.17e-1	1.000	0.000	0.000	0.000	0.000	0.854	8
3905	92	0.9900	0.9900	9.90e-1	1.000	0.000	0.000	0.000	0.000	1.011	8
3907	86	0.9900	0.8896	2.16e+0	0.000	0.411	0.000	0.589	0.000	1.072	8
3905	93	0.9673	0.9673	9.29e-1	1.000	0.000	0.000	0.000	0.000	0.967	7
3907	87	0.9285	0.9285	1.94e+0	1.000	0.000	0.000	0.000	0.000	0.928	8
3905	94	0.9502	0.9502	1.03e+0	1.000	0.000	0.000	0.000	0.000	0.950	5
3907	88	0.9900	0.9900	1.00e+0	1.000	0.000	0.000	0.000	0.000	1.047	8
3905	95	0.9855	0.9855	9.75e-1	1.000	0.000	0.000	0.000	0.000	0.985	8
3907	89	0.9184	0.9184	9.42e-1	0.456	0.000	0.544	0.000	0.000	0.918	8
3905	96	0.9414	0.9414	9.33e-1	1.000	0.000	0.000	0.000	0.000	0.941	8
3907	90	0.9241	0.9242	9.62e-1	0.433	0.000	0.561	0.006	0.000	0.924	8
3905	97	0.9438	0.9438	9.50e-1	1.000	0.000	0.000	0.000	0.000	0.944	8
3907	91	0.8594	0.8594	9.99e-1	0.396	0.000	0.604	0.000	0.000	0.859	8
3905	98	0.9800	0.9800	9.76e-1	1.000	0.000	0.000	0.000	0.000	0.980	8
3907	92	0.8888	0.8029	1.30e+0	0.000	1.000	0.000	0.000	0.000	0.889	8
3905	99	0.9842	0.9842	1.01e+0	1.000	0.000	0.000	0.000	0.000	0.984	8
3907	93	0.8740	0.7991	1.15e+0	0.000	1.000	0.000	0.000	0.000	0.874	8
3907	94	0.8435	0.8446	1.12e+0	0.377	0.010	0.610	0.001	0.001	0.845	8
3907	95	0.9234	0.9234	6.21e-1	1.000	0.000	0.000	0.000	0.000	0.923	8
3907	96	0.9240	0.9240	8.10e-1	1.000	0.000	0.000	0.000	0.000	0.924	8
3907	97	0.9279	0.9279	9.63e-1	0.997	0.002	0.000	0.000	0.000	0.928	8
3907	98	0.9900	0.9900	1.00e+0	1.000	0.000	0.000	0.000	0.000	1.050	8
3907	99	0.9620	0.9620	1.69e+0	1.000	0.000	0.000	0.000	0.000	0.962	6
3910	0	0.9795	0.9795	9.65e-1	1.000	0.000	0.000	0.000	0.000	0.980	8
3909	0	0.9545	0.9545	9.11e-1	1.000	0.000	0.000	0.000	0.000	0.954	8
3910	1	0.9778	0.9778	9.54e-1	1.000	0.000	0.000	0.000	0.000	0.978	8
3909	1	0.9212	0.9212	9.55e-1	1.000	0.000	0.000	0.000	0.000	0.921	8
3909	2	0.9812	0.9812	9.44e-1	1.000	0.000	0.000	0.000	0.000	0.981	8
3910	2	0.9474	0.9474	8.07e-1	0.988	0.000	0.000	0.009	0.003	0.947	8
3909	3	0.9889	0.9889	9.81e-1	0.990	0.010	0.000	0.000	0.000	0.989	8
3909	4	0.9900	0.9900	9.88e-1	1.000	0.000	0.000	0.000	0.000	1.000	8
3910	3	0.9500	0.9500	8.95e-1	0.947	0.000	0.000	0.053	0.000	0.950	8
3909	5	0.9797	0.9797	9.81e-1	1.000	0.000	0.000	0.000	0.000	0.980	8
3910	4	0.9863	0.9863	1.00e+0	1.000	0.000	0.000	0.000	0.000	0.986	8
3909	6	0.9900	0.9900	9.82e-1	1.000	0.000	0.000	0.000	0.000	1.007	8
3910	5	0.9550	0.9550	9.82e-1	1.000	0.000	0.000	0.000	0.000	0.955	8
3909	7	0.9900	0.9900	9.97e-1	1.000	0.000	0.000	0.000	0.000	1.015	8
3910	6	0.9900	0.9900	9.87e-1	1.000	0.000	0.000	0.000	0.000	1.002	8
3909	8	0.9760	0.9760	8.58e-1	0.999	0.000	0.000	0.000	0.000	0.976	6
3910	7	0.9730	0.9730	9.46e-1	1.000	0.000	0.000	0.000	0.000	0.973	8
3909	9	0.9895	0.9895	1.18e+0	1.000	0.000	0.000	0.000	0.000	0.989	6
3910	8	0.9665	0.9665	9.36e-1	1.000	0.000	0.000	0.000	0.000	0.967	8
3909	10	0.9366	0.9366	6.43e-1	1.000	0.000	0.000	0.000	0.000	0.937	6
3910	9	0.9851	0.9831	9.67e-1	0.375	0.483	0.021	0.050	0.072	0.983	8
3909	11	0.9195	0.9195	9.87e-1	1.000	0.000	0.000	0.000	0.000	0.919	8
3910	10	0.9858	0.9858	1.21e+0	1.000	0.000	0.000	0.000	0.000	0.986	8
3909	12	0.8983	0.8983	9.38e-1	1.000	0.000	0.000	0.000	0.000	0.898	8
3910	11	0.9513	0.9513	1.00e+0	0.951	0.010	0.033	0.003	0.003	0.951	8
3909	13	0.9045	0.9045	1.09e+0	0.999	0.001	0.000	0.000	0.000	0.905	8
3910	12	0.9879	0.9879	9.83e-1	1.000	0.000	0.000	0.000	0.000	0.988	8
3909	14	0.8999	0.8999	7.62e-1	1.000	0.000	0.000	0.000	0.000	0.900	8
3910	13	0.9695	0.9695	8.77e-1	1.000	0.000	0.000	0.000	0.000	0.970	8
3909	15	0.9271	0.9271	9.08e-1	1.000	0.000	0.000	0.000	0.000	0.927	8
3911	0	0.9498	0.9498	9.21e-1	0.999	0.001	0.000	0.000	0.000	0.950	8
3910	14	0.9724	0.9724	9.95e-1	0.941	0.000	0.000	0.000	0.058	0.972	8
3909	16	0.8757	0.8757	7.96e-1	1.000	0.000	0.000	0.000	0.000	0.876	8
3911	1	0.9900	0.9900	9.87e-1	0.970	0.007	0.020	0.004	0.000	1.028	8
3910	15	0.9826	0.9829	9.09e-1	0.950	0.046	0.000	0.003	0.002	0.983	8
3909	17	0.9823	0.9823	9.68e-1	1.000	0.000	0.000	0.000	0.000	0.982	8
3911	2	0.9840	0.9840	9.78e-1	1.000	0.000	0.000	0.000	0.000	0.984	8
3910	16	0.9443	0.9443	1.04e+0	0.995	0.004	0.001	0.000	0.000	0.944	8
3909	18	0.9636	0.9636	1.06e+0	1.000	0.000	0.000	0.000	0.000	0.964	8
3911	3	0.9900	0.9900	9.87e-1	0.957	0.040	0.000	0.002	0.000	0.995	8
3911	4	0.9859	0.9859	1.11e+0	1.000	0.000	0.000	0.000	0.000	0.986	8
3909	19	0.9900	0.9900	9.76e-1	0.877	0.000	0.000	0.000	0.123	0.996	8
3910	17	0.9327	0.9328	9.78e-1	0.823	0.048	0.128	0.000	0.002	0.933	8
3911	5	0.9900	0.9900	9.94e-1	1.000	0.000	0.000	0.000	0.000	1.008	8
3910	18	0.9362	0.9360	9.73e-1	0.912	0.055	0.002	0.023	0.007	0.936	8
3909	20	0.9900	0.9900	9.91e-1	0.994	0.006	0.000	0.000	0.000	1.020	8
3911	6	0.9871	0.9871	1.00e+0	1.000	0.000	0.000	0.000	0.000	0.987	8
3909	21	0.9900	0.9900	9.86e-1	1.000	0.000	0.000	0.000	0.000	1.006	8
3910	19	0.9436	0.9436	9.91e-1	1.000	0.000	0.000	0.000	0.000	0.944	8
3911	7	0.9855	0.9855	9.93e-1	0.959	0.001	0.003	0.037	0.000	0.985	8
3909	22	0.9820	0.9820	1.31e+0	1.000	0.000	0.000	0.000	0.000	0.982	8
3911	8	0.9883	0.9883	9.83e-1	1.000	0.000	0.000	0.000	0.000	0.988	8
3910	20	0.9591	0.9591	8.48e-1	1.000	0.000	0.000	0.000	0.000	0.959	8
3912	0	0.9467	0.9467	9.42e-1	1.000	0.000	0.000	0.000	0.000	0.947	8
3909	23	0.9763	0.9763	9.56e-1	1.000	0.000	0.000	0.000	0.000	0.976	8
3911	9	0.9801	0.9801	9.73e-1	0.992	0.000	0.000	0.008	0.000	0.980	8
3910	21	0.9448	0.9448	8.66e-1	1.000	0.000	0.000	0.000	0.000	0.945	8
3912	1	0.9507	0.9507	9.46e-1	1.000	0.000	0.000	0.000	0.000	0.951	8
3909	24	0.9559	0.9559	1.01e+0	1.000	0.000	0.000	0.000	0.000	0.956	8
3911	10	0.9657	0.9657	9.59e-1	1.000	0.000	0.000	0.000	0.000	0.966	8
3910	22	0.9825	0.9825	9.03e-1	1.000	0.000	0.000	0.000	0.000	0.983	8
3912	2	0.9470	0.9470	9.45e-1	1.000	0.000	0.000	0.000	0.000	0.947	8
3911	11	0.9713	0.9713	9.72e-1	0.997	0.002	0.000	0.000	0.000	0.971	8
3910	23	0.9863	0.9863	1.02e+0	1.000	0.000	0.000	0.000	0.000	0.986	8
3909	25	0.9609	0.9609	9.51e-1	0.764	0.236	0.000	0.000	0.000	0.961	8
3912	3	0.9440	0.9440	9.40e-1	1.000	0.000	0.000	0.000	0.000	0.944	8
3912	4	0.9690	0.9690	9.66e-1	0.082	0.918	0.000	0.000	0.000	0.969	8
3911	12	0.9582	0.9582	7.63e-1	1.000	0.000	0.000	0.000	0.000	0.958	8
3910	24	0.9748	0.9748	9.84e-1	1.000	0.000	0.000	0.000	0.000	0.975	8
3909	26	0.9540	0.9540	9.15e-1	1.000	0.000	0.000	0.000	0.000	0.954	8
3912	5	0.9684	0.9684	9.66e-1	0.093	0.907	0.000	0.000	0.000	0.968	8
3911	13	0.9595	0.9595	1.01e+0	1.000	0.000	0.000	0.000	0.000	0.959	8
3912	6	0.9821	0.9821	9.79e-1	0.946	0.000	0.000	0.054	0.000	0.982	8
3910	25	0.9769	0.9769	9.64e-1	0.996	0.004	0.000	0.000	0.000	0.977	8
3909	27	0.9508	0.9508	9.14e-1	1.000	0.000	0.000	0.000	0.000	0.951	8
3911	14	0.9370	0.9370	9.45e-1	1.000	0.000	0.000	0.000	0.000	0.937	8
3910	26	0.9484	0.9484	9.01e-1	0.999	0.000	0.000	0.000	0.000	0.948	8
3912	7	0.9763	0.9763	9.73e-1	1.000	0.000	0.000	0.000	0.000	0.976	8
3911	15	0.9732	0.9732	9.63e-1	0.767	0.000	0.152	0.000	0.081	0.973	8
3910	27	0.9315	0.9315	9.02e-1	1.000	0.000	0.000	0.000	0.000	0.931	8
3909	28	0.9409	0.9409	1.05e+0	1.000	0.000	0.000	0.000	0.000	0.941	8
3909	29	0.9725	0.9725	9.28e-1	1.000	0.000	0.000	0.000	0.000	0.972	8
3911	16	0.9790	0.9790	9.38e-1	1.000	0.000	0.000	0.000	0.000	0.979	8
3910	28	0.9900	0.9900	9.88e-1	1.000	0.000	0.000	0.000	0.000	1.038	8
3912	8	0.9638	0.9638	9.59e-1	1.000	0.000	0.000	0.000	0.000	0.964	8
3909	30	0.9757	0.9757	1.37e+0	1.000	0.000	0.000	0.000	0.000	0.976	8
3911	17	0.9900	0.9900	9.76e-1	0.815	0.000	0.185	0.000	0.000	0.993	8
3910	29	0.9900	0.9900	9.85e-1	1.000	0.000	0.000	0.000	0.000	1.016	8
3912	9	0.9656	0.9656	9.62e-1	1.000	0.000	0.000	0.000	0.000	0.966	8
3911	18	0.9828	0.9828	9.91e-1	0.845	0.000	0.032	0.120	0.002	0.983	8
3909	31	0.9820	0.9820	9.62e-1	1.000	0.000	0.000	0.000	0.000	0.982	8
3911	19	0.9786	0.9786	9.62e-1	1.000	0.000	0.000	0.000	0.000	0.979	8
3910	30	0.9495	0.9495	1.06e+0	1.000	0.000	0.000	0.000	0.000	0.950	8
3912	10	0.9570	0.9570	9.49e-1	1.000	0.000	0.000	0.000	0.000	0.957	8
3909	32	0.9654	0.9654	9.23e-1	1.000	0.000	0.000	0.000	0.000	0.965	8
3911	20	0.9589	0.9589	9.32e-1	1.000	0.000	0.000	0.000	0.000	0.959	8
3910	31	0.9900	0.9900	9.92e-1	0.995	0.003	0.000	0.001	0.000	1.060	8
3912	11	0.9508	0.9508	9.40e-1	1.000	0.000	0.000	0.000	0.000	0.951	8
3909	33	0.9850	0.9850	1.01e+0	1.000	0.000	0.000	0.000	0.000	0.985	8
3911	21	0.9631	0.9631	9.67e-1	1.000	0.000	0.000	0.000	0.000	0.963	8
3910	32	0.9642	0.9642	8.21e-1	1.000	0.000	0.000	0.000	0.000	0.964	8
3912	12	0.9741	0.9741	9.69e-1	1.000	0.000	0.000	0.000	0.000	0.974	8
3909	34	0.9697	0.9697	8.63e-1	1.000	0.000	0.000	0.000	0.000	0.970	8
3911	22	0.9643	0.9643	9.20e-1	1.000	0.000	0.000	0.000	0.000	0.964	8
3910	33	0.9466	0.9466	9.78e-1	0.784	0.164	0.000	0.044	0.008	0.947	8
3911	23	0.9900	0.9900	9.86e-1	1.000	0.000	0.000	0.000	0.000	0.990	8
3910	34	0.9900	0.9900	9.64e-1	1.000	0.000	0.000	0.000	0.000	0.991	8
3909	35	0.9586	0.9586	8.85e-1	1.000	0.000	0.000	0.000	0.000	0.959	8
3912	13	0.9623	0.9623	9.51e-1	1.000	0.000	0.000	0.000	0.000	0.962	8
3912	14	0.9596	0.9596	9.57e-1	1.000	0.000	0.000	0.000	0.000	0.960	8
3909	36	0.9445	0.9445	9.33e-1	1.000	0.000	0.000	0.000	0.000	0.944	8
3911	24	0.9883	0.9883	9.45e-1	0.996	0.000	0.000	0.004	0.000	0.988	8
3910	35	0.9900	0.9900	9.86e-1	1.000	0.000	0.000	0.000	0.000	1.022	8
3912	15	0.9900	0.9900	9.88e-1	1.000	0.000	0.000	0.000	0.000	0.996	8
3911	25	0.9900	0.9900	9.83e-1	0.992	0.000	0.001	0.008	0.000	1.005	8
3910	36	0.9598	0.9598	9.24e-1	0.516	0.407	0.000	0.000	0.077	0.960	8
3909	37	0.9645	0.9645	9.28e-1	1.000	0.000	0.000	0.000	0.000	0.965	8
3912	16	0.9797	0.9797	9.74e-1	1.000	0.000	0.000	0.000	0.000	0.980	8
3911	26	0.9766	0.9766	9.74e-1	1.000	0.000	0.000	0.000	0.000	0.977	8
3910	37	0.9214	0.9214	8.58e-1	1.000	0.000	0.000	0.000	0.000	0.921	8
3909	38	0.9566	0.9566	9.17e-1	1.000	0.000	0.000	0.000	0.000	0.957	8
3912	17	0.9776	0.9776	9.71e-1	1.000	0.000	0.000	0.000	0.000	0.978	8
3910	38	0.9876	0.9876	9.76e-1	1.000	0.000	0.000	0.000	0.000	0.988	8
3911	27	0.9618	0.9618	9.38e-1	1.000	0.000	0.000	0.000	0.000	0.962	8
3909	39	0.9459	0.9459	1.01e+0	1.000	0.000	0.000	0.000	0.000	0.946	8
3910	39	0.9619	0.9619	9.00e-1	1.000	0.000	0.000	0.000	0.000	0.962	8
3912	18	0.9678	0.9678	9.62e-1	1.000	0.000	0.000	0.000	0.000	0.968	8
3911	28	0.9897	0.9897	9.74e-1	1.000	0.000	0.000	0.000	0.000	0.990	8
3909	40	0.9606	0.9606	8.34e-1	1.000	0.000	0.000	0.000	0.000	0.961	8
3910	40	0.9897	0.9897	1.13e+0	0.965	0.000	0.000	0.000	0.035	0.990	8
3910	41	0.9636	0.9636	9.12e-1	1.000	0.000	0.000	0.000	0.000	0.964	8
3912	19	0.9645	0.9645	9.54e-1	1.000	0.000	0.000	0.000	0.000	0.965	8
3911	29	0.9900	0.9900	1.00e+0	0.987	0.001	0.001	0.010	0.001	1.003	8
3909	41	0.9705	0.9705	7.42e-1	1.000	0.000	0.000	0.000	0.000	0.970	8
3910	42	0.9900	0.9900	9.40e-1	1.000	0.000	0.000	0.000	0.000	1.020	8
3912	20	0.9607	0.9607	9.57e-1	1.000	0.000	0.000	0.000	0.000	0.961	8
3911	30	0.9900	0.9900	9.74e-1	1.000	0.000	0.000	0.000	0.000	0.992	8
3910	43	0.9484	0.9484	8.86e-1	1.000	0.000	0.000	0.000	0.000	0.948	8
3909	42	0.9900	0.9900	9.28e-1	1.000	0.000	0.000	0.000	0.000	0.994	8
3912	21	0.9627	0.9627	9.53e-1	0.384	0.616	0.000	0.000	0.000	0.963	8
3911	31	0.9870	0.9870	9.29e-1	0.968	0.004	0.027	0.001	0.000	0.987	8
3909	43	0.9809	0.9809	1.33e+0	1.000	0.000	0.000	0.000	0.000	0.981	8
3910	44	0.9413	0.9413	8.83e-1	0.998	0.001	0.000	0.001	0.000	0.941	8
3909	44	0.9412	0.9412	7.93e-1	1.000	0.000	0.000	0.000	0.000	0.941	8
3912	22	0.9554	0.9554	1.00e+0	1.000	0.000	0.000	0.000	0.000	0.955	8
3911	32	0.9900	0.9900	1.02e+0	1.000	0.000	0.000	0.000	0.000	0.995	8
3910	45	0.9376	0.9376	1.05e+0	0.444	0.000	0.000	0.000	0.556	0.938	8
3909	45	0.9655	0.9655	9.47e-1	1.000	0.000	0.000	0.000	0.000	0.966	8
3912	23	0.9573	0.9573	9.52e-1	1.000	0.000	0.000	0.000	0.000	0.957	8
3911	33	0.9725	0.9725	9.28e-1	0.372	0.064	0.564	0.000	0.000	0.973	8
3910	46	0.8773	0.8773	7.97e-1	0.997	0.001	0.000	0.000	0.002	0.877	8
3909	46	0.9549	0.9549	9.21e-1	1.000	0.000	0.000	0.000	0.000	0.955	8
3912	24	0.9677	0.9677	9.66e-1	1.000	0.000	0.000	0.000	0.000	0.968	8
3911	34	0.9900	0.9900	9.69e-1	0.998	0.000	0.000	0.002	0.000	0.995	8
3910	47	0.8473	0.8473	1.04e+0	1.000	0.000	0.000	0.000	0.000	0.847	8
3909	47	0.9552	0.9552	9.07e-1	1.000	0.000	0.000	0.000	0.000	0.955	8
3912	25	0.9775	0.9775	9.76e-1	1.000	0.000	0.000	0.000	0.000	0.977	8
3911	35	0.9900	0.9900	9.80e-1	0.989	0.000	0.000	0.011	0.000	1.006	8
3910	48	0.9769	0.9769	9.38e-1	0.985	0.002	0.000	0.013	0.000	0.977	8
3911	36	0.9900	0.9900	9.92e-1	1.000	0.000	0.000	0.000	0.000	1.003	8
3912	26	0.9798	0.9798	9.75e-1	1.000	0.000	0.000	0.000	0.000	0.980	8
3909	48	0.9547	0.9547	9.39e-1	1.000	0.000	0.000	0.000	0.000	0.955	8
3910	49	0.8868	0.8868	6.93e-1	1.000	0.000	0.000	0.000	0.000	0.887	8
3912	27	0.9840	0.9840	9.80e-1	1.000	0.000	0.000	0.000	0.000	0.984	8
3909	49	0.9451	0.9451	1.03e+0	1.000	0.000	0.000	0.000	0.000	0.945	8
3911	37	0.9778	0.9778	9.85e-1	1.000	0.000	0.000	0.000	0.000	0.978	8
3912	28	0.9712	0.9712	9.49e-1	1.000	0.000	0.000	0.000	0.000	0.971	8
3910	50	0.9760	0.9760	9.28e-1	1.000	0.000	0.000	0.000	0.000	0.976	8
3911	38	0.9900	0.9900	1.45e+0	1.000	0.000	0.000	0.000	0.000	0.992	8
3912	29	0.9802	0.9802	9.74e-1	1.000	0.000	0.000	0.000	0.000	0.980	8
3909	50	0.9423	0.9423	9.24e-1	1.000	0.000	0.000	0.000	0.000	0.942	8
3911	39	0.9900	0.9900	9.59e-1	1.000	0.000	0.000	0.000	0.000	0.994	8
3910	51	0.9897	0.9897	9.38e-1	1.000	0.000	0.000	0.000	0.000	0.990	8
3909	51	0.9658	0.9658	9.15e-1	1.000	0.000	0.000	0.000	0.000	0.966	8
3910	52	0.9501	0.9501	1.41e+0	0.998	0.001	0.000	0.001	0.000	0.950	8
3912	30	0.9876	0.9876	9.82e-1	1.000	0.000	0.000	0.000	0.000	0.988	8
3911	40	0.9819	0.9819	9.31e-1	1.000	0.000	0.000	0.000	0.000	0.982	8
3910	53	0.9900	0.9900	9.51e-1	1.000	0.000	0.000	0.000	0.000	1.011	8
3909	52	0.9695	0.9695	8.96e-1	1.000	0.000	0.000	0.000	0.000	0.970	8
3912	31	0.9827	0.9827	9.80e-1	1.000	0.000	0.000	0.000	0.000	0.983	8
3911	41	0.9892	0.9892	1.01e+0	1.000	0.000	0.000	0.000	0.000	0.989	8
3912	32	0.9856	0.9856	9.83e-1	1.000	0.000	0.000	0.000	0.000	0.986	8
3910	54	0.9135	0.9135	8.71e-1	0.996	0.000	0.004	0.000	0.000	0.913	8
3909	53	0.9603	0.9603	9.66e-1	1.000	0.000	0.000	0.000	0.000	0.960	8
3912	33	0.9900	0.9900	9.92e-1	1.000	0.000	0.000	0.000	0.000	0.995	8
3911	42	0.9900	0.9900	9.78e-1	0.975	0.000	0.000	0.024	0.000	0.994	8
3910	55	0.9639	0.9639	9.74e-1	1.000	0.000	0.000	0.000	0.000	0.964	8
3909	54	0.9650	0.9650	1.02e+0	1.000	0.000	0.000	0.000	0.000	0.965	8
3912	34	0.9900	0.9900	9.90e-1	1.000	0.000	0.000	0.000	0.000	1.009	8
3911	43	0.9889	0.9889	9.49e-1	1.000	0.000	0.000	0.000	0.000	0.989	8
3910	56	0.9880	0.9880	9.88e-1	1.000	0.000	0.000	0.000	0.000	0.988	8
3909	55	0.9407	0.9407	9.07e-1	1.000	0.000	0.000	0.000	0.000	0.941	8
3912	35	0.9900	0.9900	9.84e-1	1.000	0.000	0.000	0.000	0.000	0.991	8
3911	44	0.9853	0.9853	1.01e+0	1.000	0.000	0.000	0.000	0.000	0.985	8
3910	57	0.9646	0.9646	9.35e-1	1.000	0.000	0.000	0.000	0.000	0.965	8
3909	56	0.9900	0.9900	9.80e-1	1.000	0.000	0.000	0.000	0.000	0.999	8
3912	36	0.9785	0.9785	9.65e-1	1.000	0.000	0.000	0.000	0.000	0.978	8
3911	45	0.9735	0.9735	9.35e-1	1.000	0.000	0.000	0.000	0.000	0.974	8
3910	58	0.8953	0.8953	8.43e-1	1.000	0.000	0.000	0.000	0.000	0.895	8
3911	46	0.9627	0.9627	9.49e-1	1.000	0.000	0.000	0.000	0.000	0.963	8
3909	57	0.9546	0.9546	9.27e-1	1.000	0.000	0.000	0.000	0.000	0.955	8
3912	37	0.9729	0.9729	9.61e-1	1.000	0.000	0.000	0.000	0.000	0.973	8
3910	59	0.9819	0.9819	9.64e-1	1.000	0.000	0.000	0.000	0.000	0.982	8
3911	47	0.9796	0.9796	9.70e-1	1.000	0.000	0.000	0.000	0.000	0.980	8
3909	58	0.9862	0.9862	1.02e+0	1.000	0.000	0.000	0.000	0.000	0.986	8
3910	60	0.9025	0.9025	8.66e-1	1.000	0.000	0.000	0.000	0.000	0.903	8
3912	38	0.9715	0.9715	1.15e+0	1.000	0.000	0.000	0.000	0.000	0.971	8
3909	59	0.9784	0.9784	9.27e-1	1.000	0.000	0.000	0.000	0.000	0.978	8
3911	48	0.9801	0.9801	9.78e-1	1.000	0.000	0.000	0.000	0.000	0.980	8
3910	61	0.8586	0.8586	7.79e-1	1.000	0.000	0.000	0.000	0.000	0.859	8
3912	39	0.9727	0.9727	1.01e+0	1.000	0.000	0.000	0.000	0.000	0.973	8
3911	49	0.9834	0.9834	9.78e-1	1.000	0.000	0.000	0.000	0.000	0.983	8
3912	40	0.9790	0.9790	9.74e-1	1.000	0.000	0.000	0.000	0.000	0.979	8
3909	60	0.9829	0.9829	1.00e+0	1.000	0.000	0.000	0.000	0.000	0.983	8
3910	62	0.9096	0.9096	7.80e-1	1.000	0.000	0.000	0.000	0.000	0.910	8
3911	50	0.9831	0.9831	9.82e-1	1.000	0.000	0.000	0.000	0.000	0.983	8
3910	63	0.9319	0.9319	9.47e-1	1.000	0.000	0.000	0.000	0.000	0.932	8
3912	41	0.9789	0.9789	9.78e-1	1.000	0.000	0.000	0.000	0.000	0.979	8
3909	61	0.9829	0.9829	9.75e-1	1.000	0.000	0.000	0.000	0.000	0.983	8
3911	51	0.9900	0.9900	9.93e-1	1.000	0.000	0.000	0.000	0.000	0.997	8
3909	62	0.9669	0.9669	1.03e+0	1.000	0.000	0.000	0.000	0.000	0.967	8
3912	42	0.9885	0.9885	1.05e+0	1.000	0.000	0.000	0.000	0.000	0.989	8
3910	64	0.8392	0.8392	9.31e-1	1.000	0.000	0.000	0.000	0.000	0.839	8
3911	52	0.9853	0.9853	9.73e-1	1.000	0.000	0.000	0.000	0.000	0.985	8
3912	43	0.9793	0.9793	9.74e-1	0.999	0.001	0.000	0.000	0.000	0.979	8
3910	65	0.7483	0.7483	1.51e+0	1.000	0.000	0.000	0.000	0.000	0.748	8
3909	63	0.9671	0.9671	1.01e+0	1.000	0.000	0.000	0.000	0.000	0.967	8
3911	53	0.9607	0.9607	9.34e-1	1.000	0.000	0.000	0.000	0.000	0.961	8
3909	64	0.9351	0.9351	9.30e-1	1.000	0.000	0.000	0.000	0.000	0.935	8
3910	66	0.9900	0.9900	9.72e-1	1.000	0.000	0.000	0.000	0.000	1.035	8
3912	44	0.9754	0.9754	9.69e-1	1.000	0.000	0.000	0.000	0.000	0.975	8
3911	54	0.9636	0.9636	1.01e+0	1.000	0.000	0.000	0.000	0.000	0.964	8
3910	67	0.9335	0.9335	1.03e+0	1.000	0.000	0.000	0.000	0.000	0.934	8
3909	65	0.9571	0.9571	9.30e-1	0.999	0.000	0.001	0.000	0.000	0.957	8
3912	45	0.9602	0.9602	9.54e-1	1.000	0.000	0.000	0.000	0.000	0.960	8
3911	55	0.9755	0.9755	9.72e-1	1.000	0.000	0.000	0.000	0.000	0.976	8
3909	66	0.9850	0.9850	9.89e-1	1.000	0.000	0.000	0.000	0.000	0.985	8
3910	68	0.9447	0.9447	9.64e-1	0.999	0.001	0.000	0.000	0.000	0.945	8
3912	46	0.9599	0.9599	9.56e-1	1.000	0.000	0.000	0.000	0.000	0.960	8
3911	56	0.9900	0.9900	9.97e-1	0.954	0.000	0.024	0.001	0.022	1.001	8
3909	67	0.9900	0.9900	9.72e-1	1.000	0.000	0.000	0.000	0.000	0.996	8
3910	69	0.9900	0.9900	9.89e-1	1.000	0.000	0.000	0.000	0.000	1.021	8
3909	68	0.9884	0.9884	9.99e-1	1.000	0.000	0.000	0.000	0.000	0.988	8
3912	47	0.9516	0.9516	9.46e-1	1.000	0.000	0.000	0.000	0.000	0.952	8
3911	57	0.9900	0.9900	9.86e-1	0.974	0.000	0.019	0.007	0.000	1.001	8
3909	69	0.9535	0.9535	8.59e-1	1.000	0.000	0.000	0.000	0.000	0.953	8
3910	70	0.9257	0.9257	8.18e-1	0.815	0.000	0.000	0.185	0.000	0.926	8
3912	48	0.9440	0.9440	9.39e-1	1.000	0.000	0.000	0.000	0.000	0.944	8
3911	58	0.9900	0.9900	9.91e-1	0.984	0.000	0.016	0.000	0.000	1.003	8
3909	70	0.9900	0.9900	9.84e-1	1.000	0.000	0.000	0.000	0.000	0.997	8
3910	71	0.9900	0.9900	9.83e-1	0.974	0.000	0.026	0.000	0.000	1.001	8
3909	71	0.9900	0.9900	9.96e-1	1.000	0.000	0.000	0.000	0.000	1.003	8
3912	49	0.9418	0.9418	9.37e-1	1.000	0.000	0.000	0.000	0.000	0.942	8
3911	59	0.9900	0.9900	9.86e-1	0.846	0.001	0.126	0.027	0.000	0.990	8
3912	50	0.9348	0.9348	9.29e-1	1.000	0.000	0.000	0.000	0.000	0.935	8
3910	72	0.9625	0.9625	9.31e-1	0.891	0.000	0.001	0.109	0.000	0.962	8
3911	60	0.9798	0.9798	9.78e-1	0.861	0.002	0.137	0.000	0.000	0.980	8
3909	72	0.9900	0.9900	9.91e-1	1.000	0.000	0.000	0.000	0.000	0.995	8
3910	73	0.9647	0.9647	9.58e-1	0.881	0.000	0.000	0.119	0.000	0.965	8
3912	51	0.9465	0.9465	9.43e-1	1.000	0.000	0.000	0.000	0.000	0.947	8
3911	61	0.9875	0.9875	9.84e-1	1.000	0.000	0.000	0.000	0.000	0.987	8
3909	73	0.9900	0.9900	9.90e-1	1.000	0.000	0.000	0.000	0.000	1.000	8
3910	74	0.9673	0.9673	1.07e+0	0.860	0.000	0.002	0.137	0.000	0.967	8
3911	62	0.9889	0.9889	9.88e-1	1.000	0.000	0.000	0.000	0.000	0.989	8
3912	52	0.9780	0.9780	9.72e-1	1.000	0.000	0.000	0.000	0.000	0.978	8
3909	74	0.9851	0.9851	9.78e-1	0.998	0.000	0.002	0.000	0.000	0.985	8
3910	75	0.9900	0.9900	9.53e-1	0.892	0.000	0.106	0.002	0.000	0.993	8
3911	63	0.9900	0.9900	9.80e-1	1.000	0.000	0.000	0.000	0.000	0.991	8
3909	75	0.9660	0.9660	9.52e-1	1.000	0.000	0.000	0.000	0.000	0.966	8
3910	76	0.9485	0.9485	9.28e-1	1.000	0.000	0.000	0.000	0.000	0.948	8
3911	64	0.9739	0.9739	9.51e-1	0.998	0.000	0.000	0.000	0.002	0.974	8
3912	53	0.9880	0.9880	9.81e-1	1.000	0.000	0.000	0.000	0.000	0.988	8
3909	76	0.9608	0.9608	9.54e-1	1.000	0.000	0.000	0.000	0.000	0.961	8
3911	65	0.9568	0.9568	9.31e-1	1.000	0.000	0.000	0.000	0.000	0.957	8
3909	77	0.9819	0.9819	9.73e-1	1.000	0.000	0.000	0.000	0.000	0.982	8
3910	77	0.9669	0.9669	1.05e+0	1.000	0.000	0.000	0.000	0.000	0.967	8
3912	54	0.9871	0.9871	9.84e-1	1.000	0.000	0.000	0.000	0.000	0.987	8
3909	78	0.9900	0.9900	9.91e-1	1.000	0.000	0.000	0.000	0.000	1.006	8
3911	66	0.9639	0.9639	9.49e-1	0.999	0.000	0.000	0.000	0.001	0.964	8
3910	78	0.9575	0.9575	9.50e-1	0.873	0.001	0.126	0.000	0.000	0.957	8
3912	55	0.9884	0.9884	9.87e-1	1.000	0.000	0.000	0.000	0.000	0.988	8
3911	67	0.9822	0.9822	9.78e-1	1.000	0.000	0.000	0.000	0.000	0.982	8
3910	79	0.9900	0.9900	9.72e-1	1.000	0.000	0.000	0.000	0.000	1.024	8
3909	79	0.9900	0.9900	9.85e-1	1.000	0.000	0.000	0.000	0.000	1.002	8
3912	56	0.9773	0.9773	9.75e-1	1.000	0.000	0.000	0.000	0.000	0.977	8
3911	68	0.9859	0.9859	9.78e-1	1.000	0.000	0.000	0.000	0.000	0.986	8
3910	80	0.9900	0.9900	9.65e-1	1.000	0.000	0.000	0.000	0.000	1.009	8
3909	80	0.9749	0.9743	1.22e+0	0.743	0.257	0.000	0.000	0.000	0.974	8
3912	57	0.9652	0.9652	9.60e-1	1.000	0.000	0.000	0.000	0.000	0.965	8
3911	69	0.9697	0.9697	9.60e-1	0.462	0.000	0.511	0.027	0.000	0.970	8
3910	81	0.9765	0.9765	9.89e-1	0.943	0.000	0.000	0.057	0.000	0.976	8
3909	81	0.9820	0.9820	9.80e-1	1.000	0.000	0.000	0.000	0.000	0.982	8
3912	58	0.9607	0.9607	9.54e-1	1.000	0.000	0.000	0.000	0.000	0.961	8
3911	70	0.9900	0.9900	9.90e-1	1.000	0.000	0.000	0.000	0.000	1.010	8
3910	82	0.9494	0.9494	8.74e-1	0.751	0.000	0.249	0.000	0.000	0.949	8
3909	82	0.9900	0.9900	9.92e-1	1.000	0.000	0.000	0.000	0.000	1.003	8
3912	59	0.9592	0.9592	9.54e-1	1.000	0.000	0.000	0.000	0.000	0.959	8
3911	71	0.9900	0.9900	9.86e-1	1.000	0.000	0.000	0.000	0.000	0.993	8
3910	83	0.9568	0.9568	9.46e-1	1.000	0.000	0.000	0.000	0.000	0.957	8
3909	83	0.9795	0.9795	1.03e+0	1.000	0.000	0.000	0.000	0.000	0.979	8
3911	72	0.9746	0.9746	9.67e-1	0.515	0.000	0.485	0.000	0.000	0.975	8
3910	84	0.9330	0.9330	9.43e-1	1.000	0.000	0.000	0.000	0.000	0.933	8
3912	60	0.9642	0.9642	9.60e-1	1.000	0.000	0.000	0.000	0.000	0.964	8
3909	84	0.9900	0.9900	9.72e-1	1.000	0.000	0.000	0.000	0.000	1.001	8
3910	85	0.8873	0.8873	8.62e-1	1.000	0.000	0.000	0.000	0.000	0.887	8
3911	73	0.9900	0.9900	9.87e-1	1.000	0.000	0.000	0.000	0.000	0.990	8
3912	61	0.9684	0.9684	9.64e-1	1.000	0.000	0.000	0.000	0.000	0.968	8
3909	85	0.9900	0.9900	9.85e-1	1.000	0.000	0.000	0.000	0.000	1.005	8
3910	86	0.9477	0.9477	8.69e-1	0.989	0.007	0.000	0.004	0.000	0.948	8
3911	74	0.9900	0.9900	9.90e-1	0.657	0.000	0.339	0.004	0.000	1.002	8
3912	62	0.9900	0.9900	9.85e-1	1.000	0.000	0.000	0.000	0.000	0.997	8
3909	86	0.9693	0.9693	9.19e-1	1.000	0.000	0.000	0.000	0.000	0.969	8
3910	87	0.9026	0.9026	1.02e+0	1.000	0.000	0.000	0.000	0.000	0.903	8
3911	75	0.9900	0.9900	9.91e-1	1.000	0.000	0.000	0.000	0.000	0.993	8
3912	63	0.9781	0.9781	9.79e-1	1.000	0.000	0.000	0.000	0.000	0.978	8
3909	87	0.9857	0.9857	9.71e-1	1.000	0.000	0.000	0.000	0.000	0.986	8
3911	76	0.9752	0.9752	9.58e-1	0.554	0.000	0.446	0.000	0.000	0.975	8
3910	88	0.9900	0.8980	8.86e-1	0.000	1.000	0.000	0.000	0.000	1.097	8
3912	64	0.9715	0.9715	9.67e-1	1.000	0.000	0.000	0.000	0.000	0.971	8
3911	77	0.9622	0.9622	9.51e-1	0.440	0.000	0.560	0.000	0.000	0.962	8
3909	88	0.9900	0.9900	9.76e-1	1.000	0.000	0.000	0.000	0.000	1.004	8
3910	89	0.9900	0.9900	9.77e-1	0.993	0.007	0.000	0.000	0.000	1.050	8
3910	90	0.9900	0.9900	9.92e-1	1.000	0.000	0.000	0.000	0.000	0.998	8
3911	78	0.9574	0.9574	8.55e-1	1.000	0.000	0.000	0.000	0.000	0.957	8
3912	65	0.9722	0.9722	9.70e-1	1.000	0.000	0.000	0.000	0.000	0.972	8
3909	89	0.9900	0.9900	9.85e-1	1.000	0.000	0.000	0.000	0.000	0.999	8
3912	66	0.9709	0.9709	9.68e-1	1.000	0.000	0.000	0.000	0.000	0.971	8
3911	79	0.9711	0.9711	9.75e-1	0.999	0.000	0.000	0.000	0.001	0.971	8
3910	91	0.9489	0.9489	9.34e-1	1.000	0.000	0.000	0.000	0.000	0.949	8
3910	92	0.9900	0.9900	9.65e-1	1.000	0.000	0.000	0.000	0.000	1.245	8
3911	80	0.9786	0.9786	8.08e-1	1.000	0.000	0.000	0.000	0.000	0.979	8
3912	67	0.9653	0.9653	9.59e-1	0.999	0.001	0.000	0.000	0.000	0.965	8
3909	90	0.9802	0.9802	9.76e-1	1.000	0.000	0.000	0.000	0.000	0.980	8
3911	81	0.9900	0.9900	9.87e-1	1.000	0.000	0.000	0.000	0.000	0.994	8
3910	93	0.9479	0.9479	8.72e-1	1.000	0.000	0.000	0.000	0.000	0.948	8
3912	68	0.9682	0.9682	9.62e-1	1.000	0.000	0.000	0.000	0.000	0.968	8
3909	91	0.9900	0.9900	9.85e-1	1.000	0.000	0.000	0.000	0.000	1.017	8
3911	82	0.9808	0.9808	7.24e-1	1.000	0.000	0.000	0.000	0.000	0.981	8
3910	94	0.9316	0.9316	9.27e-1	1.000	0.000	0.000	0.000	0.000	0.932	8
3912	69	0.9738	0.9738	9.94e-1	1.000	0.000	0.000	0.000	0.000	0.974	8
3911	83	0.9681	0.9681	8.20e-1	1.000	0.000	0.000	0.000	0.000	0.968	8
3909	92	0.9867	0.9867	9.79e-1	1.000	0.000	0.000	0.000	0.000	0.987	8
3912	70	0.9626	0.9626	9.62e-1	0.999	0.001	0.000	0.000	0.000	0.963	8
3911	84	0.9816	0.9816	9.79e-1	1.000	0.000	0.000	0.000	0.000	0.982	8
3910	95	0.8760	0.8760	9.07e-1	1.000	0.000	0.000	0.000	0.000	0.876	8
3909	93	0.9700	0.9700	9.30e-1	1.000	0.000	0.000	0.000	0.000	0.970	8
3911	85	0.9899	0.9899	9.87e-1	1.000	0.000	0.000	0.000	0.000	0.990	8
3912	71	0.9580	0.9580	9.49e-1	1.000	0.000	0.000	0.000	0.000	0.958	8
3909	94	0.9601	0.9601	9.16e-1	1.000	0.000	0.000	0.000	0.000	0.960	8
3910	96	0.9900	0.9900	1.53e+0	1.000	0.000	0.000	0.000	0.000	1.015	8
3911	86	0.9854	0.9854	9.42e-1	0.453	0.003	0.000	0.000	0.544	0.985	8
3910	97	0.9198	0.9198	1.02e+0	1.000	0.000	0.000	0.000	0.000	0.920	8
3909	95	0.9636	0.9636	9.31e-1	1.000	0.000	0.000	0.000	0.000	0.964	8
3912	72	0.9457	0.9457	9.38e-1	1.000	0.000	0.000	0.000	0.000	0.946	8
3910	98	0.9900	0.9900	9.61e-1	1.000	0.000	0.000	0.000	0.000	1.003	8
3911	87	0.9872	0.9872	9.89e-1	1.000	0.000	0.000	0.000	0.000	0.987	8
3909	96	0.9513	0.9513	9.27e-1	1.000	0.000	0.000	0.000	0.000	0.951	8
3910	99	0.9900	0.9900	9.47e-1	1.000	0.000	0.000	0.000	0.000	1.018	8
3911	88	0.9900	0.9900	9.89e-1	0.742	0.002	0.212	0.005	0.039	1.006	8
3909	97	0.9654	0.9654	9.64e-1	1.000	0.000	0.000	0.000	0.000	0.965	8
3912	73	0.9535	0.9535	9.49e-1	1.000	0.000	0.000	0.000	0.000	0.954	8
3911	89	0.9858	0.9858	9.84e-1	0.996	0.001	0.000	0.003	0.000	0.986	8
3912	74	0.9728	0.9728	9.67e-1	1.000	0.000	0.000	0.000	0.000	0.973	8
3909	98	0.9335	0.9335	9.08e-1	1.000	0.000	0.000	0.000	0.000	0.934	8
3911	90	0.9804	0.9804	9.70e-1	1.000	0.000	0.000	0.000	0.000	0.980	8
3912	75	0.9707	0.9707	9.65e-1	1.000	0.000	0.000	0.000	0.000	0.971	8
3909	99	0.9900	0.9900	9.78e-1	1.000	0.000	0.000	0.000	0.000	1.022	8
3911	91	0.9900	0.9900	9.91e-1	1.000	0.000	0.000	0.000	0.000	0.993	8
3911	92	0.9900	0.9900	9.85e-1	0.866	0.036	0.080	0.018	0.000	0.992	8
3912	76	0.9735	0.9735	9.59e-1	1.000	0.000	0.000	0.000	0.000	0.973	8
3911	93	0.9900	0.9900	9.54e-1	1.000	0.000	0.000	0.000	0.000	0.995	8
3912	77	0.9740	0.9740	9.76e-1	1.000	0.000	0.000	0.000	0.000	0.974	8
3911	94	0.9899	0.9899	9.56e-1	0.996	0.000	0.000	0.000	0.004	0.990	8
3911	95	0.9779	0.9779	9.73e-1	1.000	0.000	0.000	0.000	0.000	0.978	8
3912	78	0.9747	0.9747	9.75e-1	1.000	0.000	0.000	0.000	0.000	0.975	8
3911	96	0.9860	0.9860	9.80e-1	1.000	0.000	0.000	0.000	0.000	0.986	8
3912	79	0.9900	0.9900	9.84e-1	1.000	0.000	0.000	0.000	0.000	0.998	8
3911	97	0.9900	0.9900	1.00e+0	1.000	0.000	0.000	0.000	0.000	0.992	8
3912	80	0.9849	0.9849	9.73e-1	1.000	0.000	0.000	0.000	0.000	0.985	8
3912	81	0.9878	0.9878	9.82e-1	1.000	0.000	0.000	0.000	0.000	0.988	8
3911	98	0.9854	0.9854	9.69e-1	1.000	0.000	0.000	0.000	0.000	0.985	8
3912	82	0.9881	0.9881	9.82e-1	1.000	0.000	0.000	0.000	0.000	0.988	8
3911	99	0.9705	0.9705	9.73e-1	1.000	0.000	0.000	0.000	0.000	0.971	8
3912	83	0.9746	0.9746	9.59e-1	1.000	0.000	0.000	0.000	0.000	0.975	8
3912	84	0.9714	0.9714	9.81e-1	1.000	0.000	0.000	0.000	0.000	0.971	8
3912	85	0.9644	0.9644	9.91e-1	1.000	0.000	0.000	0.000	0.000	0.964	8
3912	86	0.9625	0.9625	9.62e-1	0.998	0.001	0.000	0.000	0.000	0.962	8
3912	87	0.9639	0.9639	9.60e-1	1.000	0.000	0.000	0.000	0.000	0.964	8
3912	88	0.9830	0.9830	9.81e-1	1.000	0.000	0.000	0.000	0.000	0.983	8
3912	89	0.9791	0.9791	9.89e-1	1.000	0.000	0.000	0.000	0.000	0.979	8
3912	90	0.9718	0.9718	9.71e-1	1.000	0.000	0.000	0.000	0.000	0.972	8
3912	91	0.9637	0.9637	9.55e-1	1.000	0.000	0.000	0.000	0.000	0.964	8
3912	92	0.9612	0.9612	9.64e-1	1.000	0.000	0.000	0.000	0.000	0.961	8
3912	93	0.9587	0.9587	9.52e-1	1.000	0.000	0.000	0.000	0.000	0.959	8
3912	94	0.9799	0.9799	9.78e-1	1.000	0.000	0.000	0.000	0.000	0.980	8
3912	95	0.9761	0.9761	9.73e-1	1.000	0.000	0.000	0.000	0.000	0.976	8
3912	96	0.9843	0.9843	9.76e-1	1.000	0.000	0.000	0.000	0.000	0.984	8
3912	97	0.9856	0.9856	9.81e-1	1.000	0.000	0.000	0.000	0.000	0.986	8
3912	98	0.9616	0.9616	9.59e-1	1.000	0.000	0.000	0.000	0.000	0.962	8
3912	99	0.9900	0.9900	9.90e-1	1.000	0.000	0.000	0.000	0.000	1.004	8
3809	0	0.9900	0.9900	9.90e-1	1.000	0.000	0.000	0.000	0.000	0.994	8
3809	1	0.9794	0.9794	9.63e-1	1.000	0.000	0.000	0.000	0.000	0.979	8
3809	2	0.9863	0.9863	9.80e-1	1.000	0.000	0.000	0.000	0.000	0.986	8
3809	3	0.9900	0.9900	9.90e-1	1.000	0.000	0.000	0.000	0.000	1.012	8
3809	4	0.9900	0.9900	9.90e-1	1.000	0.000	0.000	0.000	0.000	1.009	8
3809	5	0.9900	0.9900	9.75e-1	1.000	0.000	0.000	0.000	0.000	0.990	8
3809	6	0.9594	0.9594	9.38e-1	1.000	0.000	0.000	0.000	0.000	0.959	8
3809	7	0.9270	0.9270	8.99e-1	1.000	0.000	0.000	0.000	0.000	0.927	8
3809	8	0.8866	0.8866	8.65e-1	1.000	0.000	0.000	0.000	0.000	0.887	8
3809	9	0.9681	0.9681	9.52e-1	1.000	0.000	0.000	0.000	0.000	0.968	8
3809	10	0.9355	0.9355	9.23e-1	1.000	0.000	0.000	0.000	0.000	0.935	8
3809	11	0.9878	0.9878	9.81e-1	1.000	0.000	0.000	0.000	0.000	0.988	8
3809	12	0.9886	0.9886	9.76e-1	1.000	0.000	0.000	0.000	0.000	0.989	8
3809	13	0.9900	0.9888	9.76e-1	0.000	1.000	0.000	0.000	0.000	1.587	8
3809	14	0.9900	0.9769	9.52e-1	0.000	1.000	0.000	0.000	0.000	1.325	8
3809	15	0.9834	0.9834	9.80e-1	1.000	0.000	0.000	0.000	0.000	0.983	8
3809	16	0.9900	0.9697	9.52e-1	0.000	1.000	0.000	0.000	0.000	1.315	8
3809	17	0.9524	0.9524	8.97e-1	0.897	0.000	0.000	0.103	0.000	0.952	8
3809	18	0.9893	0.8809	8.63e-1	0.000	1.000	0.000	0.000	0.000	0.989	8
3809	19	0.9619	0.9619	9.58e-1	1.000	0.000	0.000	0.000	0.000	0.962	8
3809	20	0.9900	0.9900	9.90e-1	1.000	0.000	0.000	0.000	0.000	1.013	8
3809	21	0.9900	0.9900	9.90e-1	1.000	0.000	0.000	0.000	0.000	1.017	8
3809	22	0.9900	0.9623	9.13e-1	0.000	1.000	0.000	0.000	0.000	1.293	8
3809	23	0.9619	0.9619	9.28e-1	1.000	0.000	0.000	0.000	0.000	0.962	8
3809	24	0.9900	0.9809	9.69e-1	0.000	1.000	0.000	0.000	0.000	1.269	8
3809	25	0.9900	0.9711	9.53e-1	0.000	0.212	0.156	0.508	0.125	1.288	8
3809	26	0.9900	0.9900	9.90e-1	1.000	0.000	0.000	0.000	0.000	1.033	8
3809	27	0.9900	0.9603	9.28e-1	0.000	1.000	0.000	0.000	0.000	1.267	8
3809	28	0.9900	0.9523	9.32e-1	0.000	1.000	0.000	0.000	0.000	1.094	8
3809	29	0.9509	0.9509	9.34e-1	1.000	0.000	0.000	0.000	0.000	0.951	8
3809	30	0.9380	0.9380	9.18e-1	1.000	0.000	0.000	0.000	0.000	0.938	8
3809	31	0.9900	0.9477	9.35e-1	0.000	0.000	0.000	0.993	0.007	1.042	8
3809	32	0.9453	0.9453	9.10e-1	1.000	0.000	0.000	0.000	0.000	0.945	8
3809	33	1.0381	0.9557	9.51e-1	0.000	0.879	0.121	0.000	0.000	1.444	8
3809	34	0.9803	0.9803	9.73e-1	1.000	0.000	0.000	0.000	0.000	0.980	8
3809	35	0.9711	0.9711	9.39e-1	0.999	0.001	0.000	0.000	0.000	0.971	8
3809	36	0.9831	0.9831	9.77e-1	1.000	0.000	0.000	0.000	0.000	0.983	8
3809	37	0.9751	0.9751	9.63e-1	1.000	0.000	0.000	0.000	0.000	0.975	8
3809	38	0.9794	0.9794	9.68e-1	1.000	0.000	0.000	0.000	0.000	0.979	8
3809	39	0.9900	0.9334	9.09e-1	0.000	0.000	0.000	0.000	1.000	1.331	8
3809	40	0.9900	0.9608	9.55e-1	0.000	1.000	0.000	0.000	0.000	2.255	8
3809	41	0.9900	0.9900	9.89e-1	1.000	0.000	0.000	0.000	0.000	1.018	8
3809	42	0.9900	0.9854	9.57e-1	0.000	1.000	0.000	0.000	0.000	1.302	8
3809	43	0.9687	0.9687	9.43e-1	0.999	0.000	0.000	0.000	0.001	0.969	8
3809	44	0.9740	0.9740	9.55e-1	0.760	0.000	0.000	0.000	0.240	0.974	8
3809	45	0.9900	0.9614	9.25e-1	0.000	0.992	0.001	0.007	0.000	1.075	8
3809	46	0.9900	0.9806	9.73e-1	0.000	0.626	0.374	0.000	0.000	1.307	8
3809	47	0.9774	0.9774	9.64e-1	1.000	0.000	0.000	0.000	0.000	0.977	8
3809	48	0.9900	0.9624	9.27e-1	0.000	1.000	0.000	0.000	0.000	1.481	8
3809	49	0.9900	0.9635	9.59e-1	0.000	1.000	0.000	0.000	0.000	1.177	8
3809	50	0.9900	0.9697	9.45e-1	0.000	1.000	0.000	0.000	0.000	1.122	8
3809	51	0.9616	0.9616	9.38e-1	1.000	0.000	0.000	0.000	0.000	0.962	8
3809	52	0.9900	0.9900	9.89e-1	0.000	0.000	0.000	0.000	1.000	1.034	8
3809	53	0.9900	0.9752	9.32e-1	0.000	0.000	0.000	1.000	0.000	1.512	8
3809	54	0.9813	0.9813	9.52e-1	1.000	0.000	0.000	0.000	0.000	0.981	8
3809	55	0.9900	0.9771	9.51e-1	0.000	1.000	0.000	0.000	0.000	0.991	8
3809	56	0.9900	0.9828	9.47e-1	0.000	1.000	0.000	0.000	0.000	1.012	8
3809	57	0.9900	0.9710	9.34e-1	0.000	0.548	0.000	0.000	0.452	1.175	8
3809	58	0.9900	0.9890	9.81e-1	0.000	1.000	0.000	0.000	0.000	1.237	8
3809	59	0.9710	0.9710	9.45e-1	1.000	0.000	0.000	0.000	0.000	0.971	8
3809	60	0.9900	0.9644	9.47e-1	0.000	1.000	0.000	0.000	0.000	1.099	8
3809	61	0.9735	0.9613	9.29e-1	0.001	0.999	0.000	0.000	0.000	0.974	8
3809	62	0.9900	0.9509	9.21e-1	0.000	1.000	0.000	0.000	0.000	1.763	8
3809	63	0.9900	0.9900	9.90e-1	0.923	0.000	0.077	0.000	0.000	1.004	8
3809	64	0.9900	0.9900	9.90e-1	0.916	0.000	0.084	0.000	0.000	1.036	8
3809	65	0.9900	0.9797	9.65e-1	0.000	0.000	0.000	0.000	1.000	1.145	8
3809	66	0.9900	0.9900	9.90e-1	0.000	0.862	0.138	0.000	0.000	2.114	8
3809	67	0.9900	0.9860	9.64e-1	0.000	0.864	0.136	0.000	0.000	1.745	8
3809	68	0.9677	0.9677	9.33e-1	1.000	0.000	0.000	0.000	0.000	0.968	8
3809	69	0.9900	0.9768	9.68e-1	0.000	1.000	0.000	0.000	0.000	1.503	8
3809	70	0.9900	0.9847	9.79e-1	0.000	0.724	0.101	0.172	0.003	1.760	8
3809	71	0.9900	0.9900	9.90e-1	1.000	0.000	0.000	0.000	0.000	1.016	8
3809	72	0.9900	0.9869	9.78e-1	0.000	0.897	0.103	0.000	0.000	0.991	8
3809	73	0.9831	0.9831	9.67e-1	1.000	0.000	0.000	0.000	0.000	0.983	8
3809	74	0.9566	0.9566	9.31e-1	1.000	0.000	0.000	0.000	0.000	0.957	8
3809	75	0.9900	0.9609	9.41e-1	0.000	0.733	0.077	0.000	0.190	2.493	8
3809	76	0.9900	0.9483	9.18e-1	0.000	1.000	0.000	0.000	0.000	1.180	8
3809	77	0.9900	0.9323	8.88e-1	0.000	1.000	0.000	0.000	0.000	2.046	8
3809	78	1.0539	0.9466	9.34e-1	0.000	0.417	0.074	0.452	0.057	1.266	8
3809	79	0.9900	0.9618	9.48e-1	0.000	1.000	0.000	0.000	0.000	1.929	8
3809	80	0.9510	0.9510	9.31e-1	1.000	0.000	0.000	0.000	0.000	0.951	8
3809	81	0.9629	0.9629	9.52e-1	1.000	0.000	0.000	0.000	0.000	0.963	8
3809	82	0.9462	0.9462	9.00e-1	1.000	0.000	0.000	0.000	0.000	0.946	8
3809	83	0.9290	0.9290	8.78e-1	0.998	0.002	0.000	0.000	0.000	0.929	8
3809	84	0.9180	0.9180	8.74e-1	0.684	0.311	0.005	0.000	0.000	0.918	8
3809	85	0.9297	0.9297	9.20e-1	1.000	0.000	0.000	0.000	0.000	0.930	8
3809	86	0.9648	0.9648	9.50e-1	1.000	0.000	0.000	0.000	0.000	0.965	8
3809	87	0.9900	0.9598	9.53e-1	0.000	1.000	0.000	0.000	0.000	1.245	8
3809	88	0.9900	0.9507	9.41e-1	0.000	0.217	0.723	0.060	0.000	1.048	8
3809	89	0.9896	0.9896	9.85e-1	1.000	0.000	0.000	0.000	0.000	0.990	8
3809	90	0.9900	0.9900	9.90e-1	0.000	0.000	0.000	1.000	0.000	1.014	8
3809	91	0.9673	0.9673	8.87e-1	1.000	0.000	0.000	0.000	0.000	0.967	8
3809	92	0.9900	0.9659	1.33e+0	0.000	1.000	0.000	0.000	0.000	1.748	8
3809	93	0.9500	0.9500	9.26e-1	1.000	0.000	0.000	0.000	0.000	0.950	8
3809	94	0.9802	0.9802	9.74e-1	1.000	0.000	0.000	0.000	0.000	0.980	8
3809	95	0.9900	0.9900	9.89e-1	0.641	0.346	0.000	0.013	0.000	1.208	8
3809	96	0.9900	0.9858	9.70e-1	0.000	0.985	0.015	0.000	0.000	1.264	8
3809	97	0.9900	0.9798	9.73e-1	0.000	1.000	0.000	0.000	0.000	1.180	8
3809	98	0.9900	0.9900	9.90e-1	0.929	0.071	0.000	0.000	0.000	1.047	8
3809	99	0.9900	0.9900	9.90e-1	0.000	1.000	0.000	0.000	0.000	1.396	8
