HQ=0.005 L	504	0.6143	0.6994	0.1260	0.5064	4	0.352	0.3780	6156	0.6251	134569
HQ=0.005 L	503	0.6025	0.5574	0.1314	0.5242	8	0.285	0.3725	5761	0.6147	108236
HQ=0.005 L	502	0.6799	0.7759	0.0930	0.4742	6	0.369	0.4233	7588	0.6938	139952
HQ=0.005 L	501	0.5196	0.6747	0.1653	0.4705	4	0.339	0.3452	6042	0.5277	129474
HQ=0.005 L	505	0.5288	0.5777	0.1652	0.5548	8	0.324	0.3039	5377	0.5386	124069
HQ=0.005 L	507	0.6442	0.7744	0.1057	0.4691	4	0.375	0.4159	6557	0.6546	143283
HQ=0.005 L	506	0.6764	0.8489	0.0972	0.5353	5	0.363	0.3918	6232	0.6891	139014
HQ=0.005 L	508	0.6987	0.6294	0.0849	0.5666	4	0.499	0.3913	5734	0.7078	193995
HQ=0.005 L	509	0.7156	0.8872	0.0789	0.5023	4	0.417	0.4898	8005	0.7270	158810
HQ=0.005 L	510	0.7362	0.9298	0.0714	0.4720	4	0.417	0.5142	8869	0.7487	157695
HQ=0.005 L	512	0.7083	0.9035	0.0816	0.4393	8	0.400	0.4863	8095	0.7201	151930
HQ=0.005 L	511	0.7357	0.7885	0.0711	0.5267	7	0.449	0.4595	7796	0.7482	171570
HQ=0.005 1	501	0.6946	0.2991	0.9861	0.5211	8	0.426	NaN	0	0.6946	170434
HQ=0.005 1	504	0.5968	0.5509	0.9933	0.5600	4	0.221	0.0000	3	0.5968	88458
HQ=0.005 1	503	0.5465	0.4484	0.9906	0.5315	5	0.236	NaN	0	0.5465	94330
HQ=0.005 1	502	0.7012	0.6047	0.9916	0.5518	4	0.294	NaN	0	0.7012	117442
HQ=0.005 1	505	0.6647	0.6588	0.9922	0.5274	5	0.285	NaN	0	0.6648	114169
HQ=0.005 1	507	0.5781	0.5452	0.9916	0.4306	6	0.261	NaN	0	0.5780	104177
HQ=0.005 1	506	0.6912	0.7092	0.9921	0.4876	5	0.294	NaN	0	0.6912	117702
HQ=0.005 1	508	0.4822	0.3371	0.9896	0.5045	4	0.272	NaN	0	0.4822	108589
HQ=0.005 1	509	0.7139	0.3244	0.9883	0.5189	8	0.394	NaN	0	0.7139	157750
HQ=0.005 1	510	0.6799	0.7668	0.9918	0.4963	5	0.282	NaN	0	0.6799	112794
HQ=0.005 1	512	0.6449	0.6010	0.9899	0.4999	4	0.280	0.0000	1	0.6448	111878
HQ=0.005 1	511	0.5547	0.4474	0.9901	0.4442	4	0.235	NaN	0	0.5547	94122
HQ=0.005 3	501	0.7217	0.7984	0.3593	0.5681	4	0.411	NaN	0	0.7216	164480
HQ=0.005 3	504	0.7015	0.8021	0.3689	0.5175	6	0.379	NaN	0	0.7015	151450
HQ=0.005 3	502	0.7005	0.8156	0.3661	0.4355	7	0.399	NaN	0	0.7005	159613
HQ=0.005 3	503	0.6665	0.7933	0.3730	0.5268	6	0.327	NaN	0	0.6665	130935
HQ=0.005 3	505	0.5886	0.6163	0.3897	0.4822	4	0.327	NaN	0	0.5886	130928
HQ=0.005 3	507	0.7320	0.6927	0.3724	0.4718	4	0.420	NaN	0	0.7320	168097
HQ=0.005 3	506	0.6943	0.8464	0.3584	0.4952	4	0.365	NaN	0	0.6943	146077
HQ=0.005 3	508	0.6594	0.7102	0.3672	0.5482	7	0.390	NaN	0	0.6594	155915
HQ=0.005 3	509	0.6298	0.6188	0.3665	0.4851	4	0.386	NaN	0	0.6298	154234
HQ=0.005 3	510	0.7218	0.7909	0.3639	0.4225	4	0.394	NaN	0	0.7218	157681
HQ=0.005 3	511	0.7204	0.7996	0.3615	0.5260	4	0.413	NaN	0	0.7204	165061
HQ=0.005 3	512	0.5977	0.5953	0.4111	0.5003	7	0.279	1.0000	1	0.5977	111523
HQ=0.005 10	501	0.7104	0.8282	0.1160	0.5227	4	0.413	NaN	0	0.7104	165337
HQ=0.005 10	502	0.7362	0.8721	0.1119	0.4825	5	0.461	NaN	0	0.7362	184241
HQ=0.005 10	504	0.7084	0.8479	0.1160	0.5371	6	0.433	NaN	0	0.7084	172955
HQ=0.005 10	503	0.7062	0.7524	0.1184	0.4894	8	0.462	NaN	0	0.7062	184595
HQ=0.005 10	505	0.5424	0.4997	0.1170	0.5344	4	0.436	NaN	0	0.5424	174420
HQ=0.005 10	506	0.6514	0.7400	0.1304	0.4885	4	0.346	NaN	0	0.6514	138271
HQ=0.005 10	507	0.6663	0.7980	0.1233	0.4799	4	0.373	NaN	0	0.6664	149079
HQ=0.005 10	508	0.6421	0.4291	0.1162	0.5309	5	0.586	NaN	0	0.6421	234204
HQ=0.005 10	509	0.6437	0.8060	0.1167	0.4880	5	0.414	NaN	0	0.6437	165459
HQ=0.005 10	510	0.7510	0.5984	0.1119	0.4732	6	0.571	NaN	0	0.7510	228465
HQ=0.005 10	511	0.6739	0.8370	0.1247	0.4685	4	0.353	NaN	0	0.6739	141343
HQ=0.005 10	512	0.5882	0.7185	0.1152	0.5190	5	0.398	NaN	0	0.5882	159166
HQ=0.005 30	501	0.6005	0.7765	0.0461	0.5195	4	0.342	NaN	0	0.6005	136564
HQ=0.005 30	502	0.4932	0.5921	0.0432	0.5482	6	0.396	NaN	0	0.4932	158561
HQ=0.005 30	503	0.6552	0.4340	0.0419	0.5210	8	0.625	NaN	0	0.6552	250112
HQ=0.005 30	504	0.6239	0.7046	0.0584	0.5208	6	0.279	NaN	0	0.6239	111416
HQ=0.005 30	505	0.6334	0.8203	0.0443	0.4568	6	0.374	NaN	0	0.6334	149364
HQ=0.005 30	506	0.6833	0.8139	0.0480	0.5431	7	0.372	NaN	0	0.6833	148909
HQ=0.005 30	507	0.6310	0.7955	0.0494	0.5295	6	0.329	0.0000	1	0.6310	131654
HQ=0.005 30	508	0.6608	0.6384	0.0400	0.4769	5	0.502	NaN	0	0.6608	200801
HQ=0.005 30	509	0.7058	0.8277	0.0417	0.5174	6	0.442	NaN	0	0.7058	176811
HQ=0.005 30	510	0.5864	0.7108	0.0465	0.4772	4	0.347	NaN	0	0.5864	138892
HQ=0.005 30	511	0.6452	0.7431	0.0490	0.5402	7	0.359	NaN	0	0.6451	143681
HQ=0.005 30	512	0.6894	0.5091	0.0483	0.4726	8	0.483	1.0000	1	0.6894	193218
HQ=0.02 L	501	0.5300	0.6187	0.1631	0.5046	4	0.338	0.3432	5822	0.5384	129405
HQ=0.02 L	502	0.6120	0.7812	0.1231	0.4979	5	0.357	0.3765	6597	0.6234	136196
HQ=0.02 L	503	0.6439	0.7015	0.1091	0.5198	4	0.330	0.3686	6598	0.6583	125173
HQ=0.02 L	504	0.6271	0.8022	0.1165	0.4969	6	0.375	0.4019	6574	0.6374	143581
HQ=0.02 L	505	0.5604	0.6549	0.1501	0.5109	6	0.360	0.3539	5717	0.5689	138428
HQ=0.02 L	506	0.6387	0.8035	0.1115	0.5109	5	0.371	0.3956	6979	0.6507	141364
HQ=0.02 L	507	0.5515	0.4812	0.1465	0.4771	4	0.425	0.3637	8012	0.5607	162129
HQ=0.02 L	508	0.4620	0.6026	0.1939	0.4932	5	0.283	0.3164	5642	0.4696	107421
HQ=0.02 L	509	0.5464	0.7420	0.1523	0.5030	5	0.328	0.3433	6061	0.5563	125178
HQ=0.02 L	510	0.5470	0.6087	0.1552	0.4746	6	0.340	0.3299	5563	0.5562	130390
HQ=0.02 L	511	0.5266	0.5455	0.1617	0.4860	5	0.310	0.3376	6493	0.5371	117464
HQ=0.02 L	512	0.6253	0.8549	0.1186	0.5014	4	0.343	0.4083	7083	0.6371	130273
HQ=0.02 1	501	0.6028	0.6126	0.9940	0.4867	4	0.229	NaN	0	0.6028	91389
HQ=0.02 1	502	0.4754	0.3660	0.9909	0.4883	4	0.205	0.0000	1	0.4754	82027
HQ=0.02 1	504	0.5254	0.5096	0.9928	0.4902	4	0.205	NaN	0	0.5254	82043
HQ=0.02 1	503	0.4055	0.3286	0.9897	0.5183	6	0.163	0.0000	1	0.4054	65083
HQ=0.02 1	505	0.4693	0.3573	0.9909	0.4943	4	0.250	NaN	0	0.4693	100107
HQ=0.02 1	506	0.6563	0.6475	0.9909	0.5051	5	0.285	NaN	0	0.6563	113840
HQ=0.02 1	508	0.5261	0.5014	0.9923	0.5126	4	0.223	NaN	0	0.5260	89248
HQ=0.02 1	507	0.5701	0.4531	0.9909	0.4906	4	0.207	NaN	0	0.5701	82690
HQ=0.02 1	509	0.5789	0.6358	0.9926	0.4880	5	0.289	NaN	0	0.5789	115468
HQ=0.02 1	510	0.5538	0.5576	0.9921	0.4832	4	0.247	NaN	0	0.5538	98757
HQ=0.02 1	511	0.4548	0.4168	0.9916	0.4914	4	0.212	NaN	0	0.4548	84907
HQ=0.02 1	512	0.3506	0.1797	0.9915	0.4956	4	0.117	0.2857	7	0.3506	46825
HQ=0.02 3	501	0.5650	0.7316	0.3786	0.5166	6	0.285	0.0000	1	0.5650	114080
HQ=0.02 3	502	0.6195	0.7802	0.3681	0.4986	5	0.348	NaN	0	0.6195	139169
HQ=0.02 3	503	0.7011	0.5705	0.4200	0.4995	8	0.365	NaN	0	0.7011	145874
HQ=0.02 3	504	0.6312	0.7669	0.3723	0.4445	5	0.352	NaN	0	0.6312	140599
HQ=0.02 3	505	0.5847	0.7299	0.3707	0.4922	4	0.346	NaN	0	0.5847	138387
HQ=0.02 3	506	0.6603	0.8911	0.3725	0.5081	6	0.335	NaN	0	0.6602	133988
HQ=0.02 3	508	0.6421	0.7365	0.3637	0.4915	6	0.370	0.0000	2	0.6421	147863
HQ=0.02 3	507	0.5714	0.7053	0.3777	0.5161	4	0.307	NaN	0	0.5713	122595
HQ=0.02 3	509	0.6488	0.7608	0.3739	0.5002	6	0.352	NaN	0	0.6488	140637
HQ=0.02 3	510	0.6636	0.8146	0.3811	0.4917	5	0.345	NaN	0	0.6636	137958
HQ=0.02 3	511	0.6309	0.8133	0.3667	0.5028	4	0.342	NaN	0	0.6310	136902
HQ=0.02 3	512	0.6563	0.6620	0.3959	0.4790	6	0.297	1.0000	1	0.6563	118604
HQ=0.02 10	501	0.5746	0.8399	0.1267	0.4992	5	0.297	NaN	0	0.5746	118610
HQ=0.02 10	503	0.6375	0.6853	0.1165	0.4788	8	0.433	NaN	0	0.6375	173048
HQ=0.02 10	502	0.6319	0.9317	0.1173	0.4978	5	0.372	NaN	0	0.6319	148646
HQ=0.02 10	504	0.6096	0.8473	0.1168	0.4941	5	0.377	NaN	0	0.6096	150664
HQ=0.02 10	505	0.5435	0.7104	0.1228	0.4866	7	0.341	NaN	0	0.5435	136281
HQ=0.02 10	508	0.6740	0.5063	0.1138	0.4928	8	0.545	NaN	0	0.6740	217807
HQ=0.02 10	507	0.5902	0.8030	0.1182	0.4809	6	0.364	NaN	0	0.5902	145419
HQ=0.02 10	506	0.6459	0.8647	0.1219	0.4868	7	0.359	NaN	0	0.6459	143554
HQ=0.02 10	509	0.5714	0.6824	0.1210	0.5114	4	0.405	NaN	0	0.5715	161831
HQ=0.02 10	510	0.5806	0.6707	0.1196	0.4897	4	0.397	NaN	0	0.5807	158763
HQ=0.02 10	512	0.6360	0.6320	0.1282	0.4981	5	0.397	0.0000	3	0.6360	158631
HQ=0.02 10	511	0.5202	0.6846	0.1191	0.4992	5	0.386	NaN	0	0.5203	154271
HQ=0.02 30	501	0.5460	0.4607	0.0585	0.4939	6	0.409	NaN	0	0.5460	163695
HQ=0.02 30	502	0.4882	0.6368	0.0507	0.4826	8	0.311	NaN	0	0.4883	124262
HQ=0.02 30	504	0.4484	0.5618	0.0606	0.4814	4	0.261	0.0000	1	0.4484	104240
HQ=0.02 30	503	0.4622	0.5520	0.0494	0.4944	5	0.334	NaN	0	0.4622	133771
HQ=0.02 30	505	0.4965	0.5597	0.0477	0.5001	4	0.364	NaN	0	0.4965	145555
HQ=0.02 30	506	0.5196	0.6712	0.0504	0.4813	4	0.313	NaN	0	0.5196	125191
HQ=0.02 30	507	0.5366	0.6909	0.0466	0.5191	6	0.328	NaN	0	0.5367	131169
HQ=0.02 30	508	0.4666	0.5453	0.0484	0.4823	7	0.348	0.0000	1	0.4666	139127
HQ=0.02 30	509	0.4596	0.5862	0.0445	0.4934	6	0.387	NaN	0	0.4596	154834
HQ=0.02 30	511	0.5269	0.6662	0.0498	0.5119	5	0.313	NaN	0	0.5269	125164
HQ=0.02 30	510	0.5372	0.6927	0.0452	0.4708	5	0.371	NaN	0	0.5373	148500
HQ=0.02 30	512	0.5884	0.5945	0.0721	0.4761	6	0.266	0.0000	1	0.5883	106346
HQ=0.08 L	501	0.5122	0.6188	0.1748	0.5039	5	0.282	0.3315	5729	0.5219	107031
HQ=0.08 L	502	0.5084	0.7002	0.1766	0.4950	4	0.341	0.3516	6228	0.5159	130151
HQ=0.08 L	503	0.4883	0.5185	0.1861	0.5040	5	0.331	0.3205	5538	0.4956	126733
HQ=0.08 L	504	0.5366	0.4410	0.1615	0.4961	8	0.456	0.3750	8234	0.5443	174192
HQ=0.08 L	505	0.5310	0.7353	0.1654	0.4943	5	0.355	0.3714	6406	0.5385	135491
HQ=0.08 L	506	0.5279	0.8157	0.1660	0.4866	4	0.327	0.3590	6412	0.5366	124240
HQ=0.08 L	507	0.4881	0.6773	0.1859	0.5130	4	0.327	0.2959	5728	0.4968	124999
HQ=0.08 L	508	0.3485	0.3827	0.2553	0.5142	5	0.273	0.2620	4591	0.3523	104637
HQ=0.08 L	509	0.4461	0.6550	0.2050	0.5081	6	0.261	0.3112	5755	0.4539	98587
HQ=0.08 L	510	0.5067	0.7438	0.1766	0.4993	4	0.285	0.3318	5838	0.5162	108043
HQ=0.08 L	511	0.5724	0.3549	0.1429	0.4999	8	0.580	0.4208	11960	0.5806	219940
HQ=0.08 L	512	0.4348	0.6016	0.2114	0.4992	6	0.314	0.2993	5419	0.4410	120038
HQ=0.08 1	501	0.4857	0.5091	0.9937	0.4928	5	0.213	NaN	0	0.4857	85081
HQ=0.08 1	504	0.4448	0.3946	0.9926	0.4937	4	0.174	NaN	0	0.4448	69392
HQ=0.08 1	502	0.4584	0.4205	0.9918	0.4988	4	0.213	1.0000	1	0.4584	85197
HQ=0.08 1	503	0.4028	0.3082	0.9905	0.5136	4	0.139	NaN	0	0.4028	55734
HQ=0.08 1	507	0.4719	0.4585	0.9921	0.4903	4	0.245	NaN	0	0.4719	98071
HQ=0.08 1	505	0.4719	0.4454	0.9913	0.4990	5	0.268	NaN	0	0.4720	107115
HQ=0.08 1	506	0.5110	0.5102	0.9911	0.4910	5	0.239	NaN	0	0.5110	95550
HQ=0.08 1	508	0.4743	0.3868	0.9921	0.4998	4	0.188	1.0000	1	0.4743	75080
HQ=0.08 1	510	0.4500	0.4306	0.9914	0.5072	5	0.213	NaN	0	0.4501	85224
HQ=0.08 1	511	0.4648	0.3788	0.9915	0.5170	4	0.208	1.0000	1	0.4648	83083
HQ=0.08 1	509	0.4965	0.5278	0.9915	0.5002	4	0.243	NaN	0	0.4965	96979
HQ=0.08 1	512	0.5699	0.6048	0.9930	0.5069	4	0.235	0.0000	1	0.5699	94137
HQ=0.08 3	501	0.5232	0.6042	0.3790	0.5166	4	0.331	NaN	0	0.5232	132478
HQ=0.08 3	502	0.5542	0.7428	0.3743	0.5011	5	0.322	NaN	0	0.5542	128928
HQ=0.08 3	503	0.5452	0.6677	0.3714	0.4943	4	0.304	NaN	0	0.5452	121456
HQ=0.08 3	504	0.5304	0.6641	0.3963	0.5176	4	0.245	0.0000	1	0.5304	98015
HQ=0.08 3	505	0.4746	0.5925	0.3797	0.5056	5	0.307	NaN	0	0.4747	122942
HQ=0.08 3	506	0.5173	0.7173	0.3727	0.5044	4	0.319	NaN	0	0.5173	127507
HQ=0.08 3	507	0.4052	0.5543	0.3813	0.4977	4	0.285	NaN	0	0.4052	113839
HQ=0.08 3	508	0.5031	0.5905	0.3894	0.4966	6	0.319	NaN	0	0.5031	127554
HQ=0.08 3	509	0.4956	0.6658	0.3716	0.4911	4	0.349	NaN	0	0.4956	139718
HQ=0.08 3	510	0.5446	0.6965	0.3696	0.5046	5	0.339	NaN	0	0.5446	135705
HQ=0.08 3	511	0.5371	0.6655	0.3735	0.5088	5	0.315	NaN	0	0.5370	126114
HQ=0.08 3	512	0.5793	0.8043	0.3764	0.5074	5	0.317	NaN	0	0.5793	126553
HQ=0.08 10	501	0.4436	0.6862	0.1325	0.4903	4	0.279	NaN	0	0.4436	111367
HQ=0.08 10	502	0.4785	0.6774	0.1297	0.4915	4	0.331	NaN	0	0.4785	132569
HQ=0.08 10	503	0.4338	0.4866	0.1684	0.5074	7	0.272	0.0000	1	0.4338	108922
HQ=0.08 10	504	0.4055	0.4859	0.1515	0.5036	4	0.216	1.0000	1	0.4055	86174
HQ=0.08 10	505	0.3926	0.5568	0.1287	0.5002	6	0.315	NaN	0	0.3926	125812
HQ=0.08 10	506	0.4282	0.6169	0.1252	0.4998	5	0.303	0.0000	1	0.4282	121076
HQ=0.08 10	507	0.4112	0.4109	0.1303	0.5027	7	0.440	NaN	0	0.4112	175867
HQ=0.08 10	508	0.4498	0.6413	0.1306	0.5016	5	0.334	NaN	0	0.4498	133657
HQ=0.08 10	509	0.3977	0.5623	0.1201	0.5071	4	0.358	NaN	0	0.3977	143087
HQ=0.08 10	510	0.4932	0.7029	0.1212	0.5076	6	0.371	NaN	0	0.4932	148171
HQ=0.08 10	511	0.4028	0.5301	0.1270	0.4969	6	0.322	NaN	0	0.4028	128592
HQ=0.08 10	512	0.3675	0.4271	0.1598	0.4977	4	0.224	NaN	0	0.3675	89597
HQ=0.08 30	501	0.3411	0.5416	0.0555	0.5116	4	0.253	NaN	0	0.3411	101008
HQ=0.08 30	502	0.4233	0.5825	0.0581	0.5002	4	0.266	NaN	0	0.4232	106485
HQ=0.08 30	503	0.3338	0.4887	0.0595	0.5034	5	0.228	NaN	0	0.3338	91314
HQ=0.08 30	504	0.2869	0.3881	0.0702	0.5098	4	0.185	NaN	0	0.2869	73891
HQ=0.08 30	505	0.3946	0.5775	0.0487	0.5007	5	0.313	NaN	0	0.3946	125074
HQ=0.08 30	506	0.3948	0.6257	0.0556	0.5016	5	0.256	NaN	0	0.3948	102270
HQ=0.08 30	507	0.3800	0.5456	0.0536	0.5067	4	0.292	0.0000	1	0.3800	116848
HQ=0.08 30	508	0.3753	0.5692	0.0561	0.5069	4	0.238	0.0000	1	0.3753	95047
HQ=0.08 30	509	0.3660	0.5431	0.0497	0.4944	6	0.325	NaN	0	0.3660	129910
HQ=0.08 30	510	0.3567	0.5868	0.0490	0.4993	5	0.289	NaN	0	0.3566	115403
HQ=0.08 30	511	0.4462	0.6363	0.0473	0.5156	5	0.344	NaN	0	0.4462	137488
HQ=0.08 30	512	0.3305	0.4233	0.0534	0.4963	7	0.319	NaN	0	0.3305	127485
