шум_K=0.9	102	0.7191	0.4723	3.2786	0.1695	0.6468	0.9471	0.7389	0.3313	179696	9175	188930	7	0.9190	1.393	8.288	84	2.87	1.21	0.992	0.392	1:56% 2:66% 3:71% 4:72% 5:73% 6:73% 7:69%	0:100% 1:0% 2:0% 3:0%	0:72% 1:-% 2:-% 3:-%		1.000	0.0351	1.00,1.00,1.00,1.00,1.00,1.00,1.00
шум_K=0.9	104	0.6175	0.4018	2.8141	0.2899	0.6768	0.9476	0.6429	0.2971	148891	11805	160737	5	0.7111	1.394	7.054	78	2.92	0.07	1.000	0.367	1:52% 2:56% 3:59% 4:64% 5:66% 6:70% 7:55% 8:0%	0:100% 1:0% 2:0% 3:0%	0:62% 1:-% 2:-% 3:-%		1.000	0.0349	1.00,1.00,1.00,1.00,1.00
шум_K=0.9	103	0.7624	0.4558	3.3419	0.1676	0.6467	0.9472	0.7675	0.3161	180234	2053	182339	7	0.7909	1.481	8.320	84	2.89	2.60	0.996	0.394	1:64% 2:69% 3:74% 4:77% 5:78% 6:80% 7:84%	0:100% 1:0% 2:0% 3:0%	0:76% 1:-% 2:-% 3:-%		1.000	0.0352	1.00,1.00,1.00,1.00,1.00,1.00,1.00
шум_K=0.9	101	0.7079	0.4408	3.3361	0.2426	0.6759	0.9486	0.7723	0.2958	152471	23800	176317	5	0.9383	1.322	7.483	79	2.89	1.84	0.999	0.367	1:38% 2:50% 3:67% 4:74% 5:77% 6:78% 7:78% 8:79%	0:100% 1:0% 2:0% 3:0%	0:71% 1:-% 2:-% 3:-%		1.000	0.0334	1.00,1.00,1.00,1.00,1.00
шум_K=0.9	105	0.6074	0.3686	2.6108	0.2973	0.6803	0.9476	0.6498	0.3104	128973	18421	147445	5	0.9515	1.526	6.860	77	2.82	0.11	0.996	0.393	1:47% 2:54% 3:59% 4:64% 5:66% 6:68% 7:80%	0:100% 1:0% 2:0% 3:0%	0:61% 1:-% 2:-% 3:-%		1.000	0.0336	1.00,1.00,1.00,1.00,1.00
шум_K=0.9	106	0.6978	0.5362	4.1005	0.2538	0.6739	0.9473	0.7674	0.3172	181319	33142	214471	4	1.0000	0.902	7.300	84	2.83	2.61	0.992	0.392	1:33% 2:38% 3:53% 4:70% 5:76% 6:77% 7:75% 8:74%	0:100% 1:0% 2:0% 3:0%	0:70% 1:-% 2:-% 3:-%		1.000	0.0332	1.00,1.00,1.00,1.00
шум_K=0.9	108	0.7107	0.5063	3.5944	0.1973	0.6582	0.9484	0.7335	0.3394	190772	11692	202536	6	0.9733	1.177	8.009	86	2.85	2.58	0.990	0.393	1:48% 2:59% 3:63% 4:70% 5:75% 6:77% 7:77% 8:78%	0:100% 1:0% 2:0% 3:0%	0:71% 1:-% 2:-% 3:-%		1.000	0.0353	1.00,1.00,1.00,1.00,1.00,1.00
шум_K=0.9	107	0.8385	0.4846	3.5446	0.0828	0.6536	0.9460	0.8410	0.3218	192827	954	193849	5	0.9610	1.565	9.171	84	2.72	2.50	0.991	0.359	1:81% 2:82% 3:83% 4:84% 5:84% 6:85% 7:90% 8:83%	0:100% 1:0% 2:0% 3:0%	0:84% 1:-% 2:-% 3:-%		1.000	0.0336	1.00,1.00,1.00,1.00,1.00
шум_K=0.9	109	0.6060	0.3744	3.0357	0.3816	0.6878	0.9479	0.7936	0.3125	91324	58376	149748	8	1.0000	1.196	5.978	88	2.84	2.84	0.989	0.392	1:31% 2:36% 3:48% 4:65% 5:82% 6:84% 7:83% 8:88%	0:100% 1:0% 2:0% 3:0%	0:61% 1:-% 2:-% 3:-%		1.000	0.0292	1.00,1.00,1.00,1.00,1.00,1.00,1.00,1.00
шум_K=0.9	111	0.7556	0.4502	3.2847	0.1701	0.6575	0.9472	0.7639	0.3061	176755	3251	180080	5	0.9898	1.500	8.285	81	2.99	1.15	0.998	0.395	1:66% 2:69% 3:73% 4:77% 5:78% 6:79% 7:81% 8:50%	0:100% 1:0% 2:0% 3:0%	0:76% 1:-% 2:-% 3:-%		1.000	0.0342	1.00,1.00,1.00,1.00,1.00
шум_K=0.9	110	0.7053	0.4459	3.2853	0.2241	0.6539	0.9487	0.7175	0.3313	172674	5614	178360	6	0.9335	1.347	7.658	80	2.87	2.03	0.990	0.392	1:46% 2:61% 3:68% 4:72% 5:74% 6:74% 7:77%	0:100% 1:0% 2:0% 3:0%	0:71% 1:-% 2:-% 3:-%		1.000	0.0358	1.00,1.00,1.00,1.00,1.00,1.00
шум_K=0.9	112	0.7628	0.5937	4.4402	0.1830	0.6538	0.9463	0.7651	0.4349	235785	1637	237464	6	1.0000	0.918	8.159	79	2.86	1.91	0.995	0.393	1:60% 2:64% 3:69% 4:74% 5:77% 6:79% 7:79% 8:81%	0:100% 1:0% 2:0% 3:0%	0:76% 1:-% 2:-% 3:-%		1.000	0.0350	1.00,1.00,1.00,1.00,1.00,1.00
шум_K=0	101	0.5036	0.3431	2.2005	0.3608	0.2989	0.5226	0.5574	0.2563	112706	24480	137229	4	0.5064	1.489	6.282	84	2.99	1.25	0.995	0.393	1:40% 2:48% 3:51% 4:52% 5:52% 6:57% 7:81%	0:100% 1:0% 2:0% 3:0%	0:50% 1:-% 2:-% 3:-%		1.000	0.0340	1.00,1.00,1.00,1.00
шум_K=0	102	0.4495	0.3272	2.1574	0.4401	0.3715	0.5383	0.5140	0.2395	100075	30768	130881	5	1.0000	1.283	5.453	81	2.91	2.19	0.994	0.393	1:35% 2:42% 3:46% 4:47% 5:48% 6:44% 7:65%	0:100% 1:0% 2:0% 3:0%	0:45% 1:-% 2:-% 3:-%		1.000	0.0399	1.00,1.00,1.00,1.00,1.00
шум_K=0	103	0.5007	0.2878	2.0805	0.4058	0.3806	0.5430	0.5806	0.2541	86898	28189	115114	5	0.9136	1.607	5.541	82	2.99	2.47	0.997	0.394	1:35% 2:46% 3:52% 4:55% 5:57% 6:55% 7:47%	0:100% 1:0% 2:0% 3:0%	0:50% 1:-% 2:-% 3:-%		1.000	0.0314	1.00,1.00,1.00,1.00,1.00
шум_K=0	104	0.4610	0.3738	2.3986	0.4177	0.3368	0.5293	0.5142	0.2360	120877	28582	149508	5	0.8615	1.122	5.747	81	2.90	0.79	0.987	0.391	1:35% 2:42% 3:45% 4:49% 5:49% 6:47% 7:43%	0:100% 1:0% 2:0% 3:0%	0:46% 1:-% 2:-% 3:-%		1.000	0.0365	1.00,1.00,1.00,1.00,1.00
шум_K=0	105	0.4256	0.2267	1.8523	0.5240	0.4361	0.5362	0.5092	0.2116	65197	25444	90664	5	0.9220	1.498	4.167	79	2.90	1.11	0.998	0.367	1:32% 2:41% 3:46% 4:49% 5:50% 6:44%	0:100% 1:0% 2:0% 3:0%	0:43% 1:-% 2:-% 3:-%		1.000	0.0341	1.00,1.00,1.00,1.00,1.00
шум_K=0	106	0.4939	0.2897	2.0942	0.4216	0.3096	0.5147	0.5363	0.2156	100557	15289	115888	6	0.9433	1.559	5.467	86	2.80	2.97	0.986	0.391	1:38% 2:47% 3:51% 4:52% 5:53% 6:52%	0:100% 1:0% 2:0% 3:0%	0:49% 1:-% 2:-% 3:-%		1.000	0.0380	1.00,1.00,1.00,1.00,1.00,1.00
шум_K=0	108	0.2068	0.2077	1.4070	0.7241	0.7072	0.5427	0.3125	0.2046	1645	81389	83064	5	0.5978	0.670	2.442	78	2.80	0.51	0.997	0.367	1:19% 2:21% 3:21% 4:22% 5:21% 6:22%	0:100% 1:0% 2:0% 3:0%	0:21% 1:-% 2:-% 3:-%		1.000	0.0301	1.00,1.00,1.00,1.00,1.00
шум_K=0	107	0.4712	0.2714	1.8856	0.4275	0.3337	0.5237	0.5247	0.2395	88199	20353	108579	4	0.9871	1.699	5.427	83	2.80	2.54	0.988	0.392	1:40% 2:47% 3:48% 4:49% 5:50% 6:73%	0:100% 1:0% 2:0% 3:0%	0:47% 1:-% 2:-% 3:-%		1.000	0.0373	1.00,1.00,1.00,1.00
шум_K=0	109	0.5009	0.3527	2.3411	0.3751	0.4012	0.5677	0.5816	0.2822	102998	38028	141088	6	0.7339	1.339	6.037	84	2.89	1.83	0.996	0.394	1:32% 2:44% 3:51% 4:53% 5:54% 6:54% 7:62%	0:100% 1:0% 2:0% 3:0%	0:50% 1:-% 2:-% 3:-%		1.000	0.0348	1.00,1.00,1.00,1.00,1.00,1.00
шум_K=0	110	0.4902	0.3121	2.1773	0.4134	0.3270	0.5275	0.5330	0.2415	106480	18338	124851	7	0.8392	1.451	5.622	87	2.88	2.68	0.846	0.335	1:38% 2:47% 3:50% 4:52% 5:53% 6:54% 7:54%	0:100% 1:0% 2:0% 3:0%	0:49% 1:-% 2:-% 3:-%		1.000	0.0387	1.00,1.00,1.00,1.00,1.00,1.00,1.00
шум_K=0	112	0.3992	0.2623	1.9994	0.5445	0.5085	0.5486	0.5782	0.2180	52787	52099	104916	4	0.9643	1.197	4.190	75	2.87	0.02	0.993	0.361	1:23% 2:34% 3:44% 4:50% 5:54% 6:58%	0:100% 1:0% 2:0% 3:0%	0:40% 1:-% 2:-% 3:-%		1.000	0.0263	1.00,1.00,1.00,1.00
шум_K=0	111	0.4264	0.2730	1.7901	0.4552	0.3775	0.5250	0.5000	0.2174	80725	28428	109184	4	0.9571	1.582	5.201	81	3.00	1.52	0.998	0.385	1:35% 2:42% 3:44% 4:45% 5:46% 6:58%	0:100% 1:0% 2:0% 3:0%	0:43% 1:-% 2:-% 3:-%		1.000	0.0348	1.00,1.00,1.00,1.00
